Fecha,Hora,Turno,Historical_Weight_g,Temperatura (°C),Viscosidad (mPa.s),Presión (bar),Etapa,Optimized_Weight_g
2024-09-09,06:05,mañana,6.199,14.01,1813,6.5,Crema,4.965359820468699
2024-09-09,07:46,mañana,7.2025,15.47,1619,6.5,Crema,5.104430954722012
2024-09-09,08:10,mañana,7.1635,18.07,1306,6.38,Crema,5.277343414241802
2024-09-09,09:55,mañana,6.9105,19.01,1183,6.13,Crema,5.168984754432164
2024-09-09,10:04,mañana,7.6758,20.12,1041,5.83,Crema,4.959666696416775
2024-09-09,11:58,mañana,7.1294,22.63,770,5.0,Crema,4.83402111368875
2024-09-09,12:54,mañana,6.8957,24.85,463,5.0,Crema,5.386003970487479
2024-09-09,13:22,mañana,7.341,26.22,304,5.0,Crema,5.0088827651021735
2024-09-09,14:50,mañana,7.2346,27.0,203,5.0,Crema,5.0020893937869415
2024-09-09,14:23,tarde,7.5634,27.0,200,5.0,Crema,4.9963812369335
2024-09-09,15:02,tarde,7.6828,26.27,305,5.0,Crema,5.0297127141151785
2024-09-09,16:08,tarde,7.5083,26.04,330,5.0,Crema,4.978345938211409
2024-09-09,17:16,tarde,8.0544,22.94,685,5.0,Crema,4.913950698967964
2024-09-09,18:24,tarde,8.0551,23.4,653,5.0,Crema,4.917971158813941
2024-09-09,19:20,tarde,8.1217,21.6,872,5.27,Crema,4.9950870094676
2024-09-09,20:01,tarde,7.8768,22.44,760,5.0,Crema,4.918486284329935
2024-09-09,21:57,tarde,7.9552,19.52,1127,5.9,Crema,4.893073132598425
2024-09-09,22:05,tarde,7.867,20.34,1006,5.66,Crema,5.015964534153785
2024-09-09,22:07,noche,6.6952,19.44,1134,5.95,Crema,4.961753417386872
2024-09-09,23:27,noche,7.9117,18.92,1199,6.19,Crema,5.225598948287403
2024-09-09,00:05,noche,7.2784,18.11,1297,6.5,Crema,4.602354528741048
2024-09-09,01:38,noche,6.843,18.95,1173,6.07,Crema,5.163726027788369
2024-09-09,02:59,noche,6.4168,16.76,1457,6.5,Crema,5.186912778874644
2024-09-09,03:34,noche,7.0445,16.99,1462,6.5,Crema,4.688991465138778
2024-09-09,04:09,noche,6.5258,14.62,1711,6.5,Crema,4.948596860887948
2024-09-09,05:34,noche,6.3634,15.43,1627,6.5,Crema,4.944283870100631
2024-09-09,06:18,noche,7.1855,14.0,1827,6.5,Crema,4.788873245792327
2024-09-10,06:06,mañana,7.6951,14.0,1786,6.5,Crema,4.8833274968613685
2024-09-10,07:18,mañana,6.7438,15.41,1640,6.5,Crema,4.8334136231801255
2024-09-10,08:49,mañana,6.322,16.77,1466,6.5,Crema,5.262840566513543
2024-09-10,09:58,mañana,7.6644,20.07,1056,5.79,Crema,5.140351758972119
2024-09-10,10:59,mañana,8.0128,21.31,895,5.5,Crema,5.190733264249124
2024-09-10,11:44,mañana,8.6528,21.36,874,5.5,Crema,5.108250809606485
2024-09-10,12:44,mañana,6.9196,23.39,666,5.0,Crema,4.830642234317415
2024-09-10,13:59,mañana,7.9241,25.17,422,5.0,Crema,4.921321960058034
2024-09-10,14:46,mañana,6.8132,27.0,200,5.0,Crema,5.073406184184187
2024-09-10,14:45,tarde,7.7161,26.33,297,5.0,Crema,4.816680828666208
2024-09-10,15:34,tarde,8.2212,26.03,314,5.0,Crema,5.106949764525858
2024-09-10,16:31,tarde,7.2242,24.75,481,5.0,Crema,4.96395119027628
2024-09-10,17:17,tarde,7.6639,26.25,320,5.0,Crema,4.943776878867561
2024-09-10,18:38,tarde,6.7977,24.5,497,5.0,Crema,5.106643995230524
2024-09-10,19:47,tarde,7.2346,21.72,836,5.22,Crema,5.066639496722906
2024-09-10,20:31,tarde,7.3374,20.34,1047,6.06,Crema,4.945855075127138
2024-09-10,21:14,tarde,8.2801,22.26,769,5.03,Crema,5.1738994705046375
2024-09-10,22:09,tarde,7.7884,18.97,1185,6.13,Crema,4.837840500860016
2024-09-10,22:17,noche,7.7647,20.94,948,5.56,Crema,5.092390341041639
2024-09-10,23:44,noche,7.7974,19.11,1170,6.32,Crema,5.088965188695258
2024-09-10,00:52,noche,7.0323,18.16,1271,6.5,Crema,4.953568034102902
2024-09-10,01:24,noche,6.679,17.53,1373,6.5,Crema,5.048919953336318
2024-09-10,02:55,noche,6.7668,17.17,1406,6.5,Crema,4.812332963542205
2024-09-10,03:19,noche,6.9386,15.19,1650,6.5,Crema,5.1386040528810355
2024-09-10,04:30,noche,6.1032,14.08,1795,6.5,Crema,4.972264679533551
2024-09-10,05:30,noche,7.3565,14.54,1717,6.5,Crema,4.921591546922144
2024-09-10,06:21,noche,7.5759,15.5,1633,6.5,Crema,5.157351383875533
2024-09-11,06:29,mañana,7.2037,14.21,1776,6.5,Crema,4.8943484464185865
2024-09-11,07:39,mañana,7.1513,15.58,1602,6.5,Crema,4.788730805545466
2024-09-11,08:37,mañana,6.6269,16.51,1489,6.5,Crema,4.7665056239714145
2024-09-11,09:43,mañana,7.6321,20.08,1042,5.68,Crema,5.090901492701846
2024-09-11,10:43,mañana,6.4273,20.38,1032,5.79,Crema,4.8079355971255575
2024-09-11,11:35,mañana,6.561,22.33,781,5.24,Crema,5.2632191272976545
2024-09-11,12:08,mañana,7.7565,22.94,722,5.0,Crema,4.687710588817442
2024-09-11,13:55,mañana,7.3652,25.66,381,5.0,Crema,5.254468455243506
2024-09-11,14:38,mañana,7.6843,26.47,264,5.0,Crema,5.031652620080393
2024-09-11,14:16,tarde,7.4752,26.38,298,5.0,Crema,4.985493033219441
2024-09-11,15:36,tarde,8.164,27.0,213,5.0,Crema,4.918262136978657
2024-09-11,16:28,tarde,7.956,23.74,625,5.0,Crema,5.059870417152811
2024-09-11,17:43,tarde,8.2997,22.63,726,5.0,Crema,4.994354794636273
2024-09-11,18:49,tarde,8.4456,21.18,918,5.39,Crema,5.165495282302478
2024-09-11,19:39,tarde,8.2329,22.39,779,5.09,Crema,5.017134147299306
2024-09-11,20:59,tarde,8.3007,21.8,853,5.22,Crema,5.022545264219282
2024-09-11,21:00,tarde,6.8836,19.89,1055,5.67,Crema,4.945458168167922
2024-09-11,22:00,tarde,8.5944,20.18,1043,5.88,Crema,4.99145815644184
2024-09-11,22:27,noche,7.0434,20.74,958,5.5,Crema,5.046170265333809
2024-09-11,23:12,noche,6.3152,18.56,1251,6.49,Crema,4.743474741101506
2024-09-11,00:30,noche,7.581,18.31,1267,6.19,Crema,4.797772186684143
2024-09-11,01:03,noche,7.0666,17.07,1406,6.5,Crema,5.111489614103407
2024-09-11,02:15,noche,6.2286,17.42,1399,6.5,Crema,5.025629815719191
2024-09-11,03:38,noche,6.7931,16.55,1503,6.5,Crema,4.972402499547099
2024-09-11,04:41,noche,7.3791,17.93,1317,6.5,Crema,5.002765089959809
2024-09-11,05:24,noche,6.4241,14.56,1731,6.5,Crema,5.052137255804251
2024-09-11,06:50,noche,7.6099,14.0,1793,6.5,Crema,4.919036047953596
2024-09-12,06:13,mañana,6.6425,14.0,1805,6.5,Crema,4.883254291189653
2024-09-12,07:35,mañana,6.8242,15.7,1607,6.5,Crema,5.029376788264652
2024-09-12,08:39,mañana,7.3413,18.7,1242,6.3,Crema,4.853244083357745
2024-09-12,09:51,mañana,7.3512,18.24,1284,6.32,Crema,5.0612379133571705
2024-09-12,10:30,mañana,7.5989,21.3,897,5.44,Crema,4.7446124593643235
2024-09-12,11:43,mañana,8.3083,20.97,912,5.3,Crema,5.154373345598847
2024-09-12,12:18,mañana,7.0614,23.69,584,5.0,Crema,5.070889622361957
2024-09-12,13:04,mañana,7.1315,25.2,428,5.0,Crema,5.038404460147081
2024-09-12,14:59,mañana,7.5151,26.99,213,5.0,Crema,5.147403647591827
2024-09-12,14:42,tarde,8.3327,27.0,200,5.0,Crema,5.249821166669387
2024-09-12,15:09,tarde,7.9248,26.52,281,5.0,Crema,5.15215550975272
2024-09-12,16:55,tarde,8.1999,24.47,519,5.0,Crema,4.723868865300253
2024-09-12,17:09,tarde,7.5405,23.27,647,5.0,Crema,4.808063454989645
2024-09-12,18:33,tarde,8.2365,23.26,663,5.0,Crema,4.906277213345648
2024-09-12,19:38,tarde,8.0048,23.21,671,5.0,Crema,5.003913657531625
2024-09-12,20:18,tarde,8.4639,20.36,1004,5.67,Crema,5.077648853070368
2024-09-12,21:35,tarde,8.0128,21.12,934,5.46,Crema,4.89113842802698
2024-09-12,22:25,tarde,8.1676,19.23,1160,5.99,Crema,5.028015014671562
2024-09-12,22:18,noche,6.4878,21.54,868,5.35,Crema,4.886692560147002
2024-09-12,23:17,noche,6.3932,18.35,1275,6.5,Crema,4.908272329551208
2024-09-12,00:57,noche,7.1577,18.25,1302,6.32,Crema,4.789000835472766
2024-09-12,01:49,noche,7.1954,16.03,1544,6.5,Crema,4.861515013083364
2024-09-12,02:44,noche,7.3879,15.88,1577,6.5,Crema,4.79724730915755
2024-09-12,03:13,noche,6.1044,16.31,1527,6.5,Crema,4.8536190120534
2024-09-12,04:33,noche,6.997,15.05,1675,6.5,Crema,5.158046269491176
2024-09-12,05:00,noche,7.4186,14.61,1729,6.5,Crema,4.857590166675209
2024-09-12,06:51,noche,6.9705,14.0,1804,6.5,Crema,5.394857309725609
2024-09-13,06:45,mañana,7.4996,14.75,1692,6.5,Crema,5.073997685132134
2024-09-13,07:24,mañana,6.7399,16.62,1449,6.5,Crema,5.0277254185542315
2024-09-13,08:32,mañana,7.1803,17.1,1426,6.5,Crema,4.871246332972818
2024-09-13,09:53,mañana,7.824,20.02,1054,5.79,Crema,5.105046481911349
2024-09-13,10:11,mañana,7.9803,18.65,1230,6.23,Crema,4.913654326064334
2024-09-13,11:59,mañana,7.4861,23.21,650,5.0,Crema,5.0183014721968044
2024-09-13,12:18,mañana,7.2773,24.69,480,5.0,Crema,5.3840126807403195
2024-09-13,13:27,mañana,6.532,24.68,484,5.0,Crema,4.985591015041303
2024-09-13,14:53,mañana,6.9479,24.94,465,5.0,Crema,5.172390998942851
2024-09-13,14:54,tarde,8.0793,26.93,214,5.0,Crema,4.894523536231117
2024-09-13,15:35,tarde,7.4802,26.97,222,5.0,Crema,4.994751726425456
2024-09-13,16:47,tarde,7.9257,26.69,231,5.0,Crema,5.2656200953453265
2024-09-13,17:08,tarde,7.4423,22.67,721,5.0,Crema,4.905954941331835
2024-09-13,18:02,tarde,7.7321,24.18,544,5.0,Crema,5.27186728369954
2024-09-13,19:53,tarde,7.8726,22.56,743,5.05,Crema,5.106162790318321
2024-09-13,20:41,tarde,7.4069,21.22,908,5.3,Crema,4.91562998361586
2024-09-13,21:33,tarde,7.6011,20.3,1042,5.53,Crema,5.094861160858328
2024-09-13,22:46,tarde,7.8071,20.93,959,5.43,Crema,5.145883167444009
2024-09-13,22:11,noche,7.8962,20.14,1048,5.8,Crema,5.09327149433258
2024-09-13,23:09,noche,7.5934,18.52,1210,6.34,Crema,4.764466292016431
2024-09-13,00:13,noche,7.1172,17.64,1366,6.5,Crema,4.89092942362627
2024-09-13,01:35,noche,6.422,16.94,1438,6.5,Crema,4.962872204667274
2024-09-13,02:58,noche,7.3699,18.69,1209,6.31,Crema,4.988834985634993
2024-09-13,03:36,noche,7.1611,17.35,1398,6.5,Crema,5.093100814632602
2024-09-13,04:51,noche,7.5248,14.67,1710,6.5,Crema,5.026655150139988
2024-09-13,05:01,noche,6.8602,16.57,1488,6.5,Crema,4.799698346193485
2024-09-13,06:46,noche,6.7448,14.0,1801,6.5,Crema,5.0570296776508945
2024-09-16,06:08,mañana,6.9143,15.22,1663,6.5,Crema,5.091587861792574
2024-09-16,07:05,mañana,6.2499,14.77,1703,6.5,Crema,5.083968567189656
2024-09-16,08:52,mañana,7.3625,17.78,1308,6.48,Crema,5.162117108833193
2024-09-16,09:09,mañana,7.6016,19.42,1121,5.88,Crema,5.125088323182336
2024-09-16,10:13,mañana,7.0436,21.59,882,5.32,Crema,5.068877011884266
2024-09-16,11:08,mañana,7.2532,22.09,795,5.15,Crema,4.989475143281203
2024-09-16,12:25,mañana,7.4511,23.65,606,5.0,Crema,4.750855859972601
2024-09-16,13:21,mañana,6.3659,26.14,288,5.0,Crema,5.064442732869888
2024-09-16,14:57,mañana,5.9685,27.0,200,5.0,Crema,5.031153153074467
2024-09-16,14:32,tarde,7.2241,26.99,200,5.0,Crema,5.040736825579306
2024-09-16,15:46,tarde,7.8598,27.0,200,5.0,Crema,4.8084877136269535
2024-09-16,16:55,tarde,7.5228,25.57,424,5.0,Crema,4.8378415189387605
2024-09-16,17:53,tarde,7.9383,23.85,601,5.0,Crema,5.157972927999936
2024-09-16,18:19,tarde,7.2962,22.36,781,5.0,Crema,4.994066726921502
2024-09-16,19:09,tarde,7.7556,22.18,806,5.0,Crema,5.1022251046058935
2024-09-16,20:27,tarde,7.2659,21.18,927,5.47,Crema,5.004247756419569
2024-09-16,21:15,tarde,8.6047,20.71,972,5.58,Crema,5.0044634209243615
2024-09-16,22:36,tarde,7.2451,18.65,1232,6.4,Crema,5.1407425708964
2024-09-16,22:58,noche,7.1528,18.56,1230,6.23,Crema,4.922593290767394
2024-09-16,23:27,noche,6.569,19.3,1135,6.07,Crema,5.014418116541147
2024-09-16,00:09,noche,6.7449,18.77,1211,6.38,Crema,4.930658706694244
2024-09-16,01:24,noche,6.5312,16.74,1463,6.5,Crema,4.934825565885153
2024-09-16,02:07,noche,7.4054,17.59,1349,6.5,Crema,4.953624181479704
2024-09-16,03:34,noche,6.6962,16.14,1557,6.5,Crema,5.033320065745057
2024-09-16,04:52,noche,7.631,15.15,1650,6.5,Crema,4.928187706750478
2024-09-16,05:27,noche,6.9898,14.79,1703,6.5,Crema,5.188363418836028
2024-09-16,06:31,noche,6.3224,15.74,1591,6.5,Crema,4.865808904667074
2024-09-17,06:09,mañana,7.0175,15.08,1671,6.5,Crema,4.971969253375796
2024-09-17,07:15,mañana,5.5653,16.43,1496,6.5,Crema,4.934040341258874
2024-09-17,08:08,mañana,6.2682,14.22,1780,6.5,Crema,5.21704668265306
2024-09-17,09:49,mañana,7.1899,19.48,1118,6.2,Crema,5.029483216476736
2024-09-17,10:38,mañana,7.6419,21.4,874,5.33,Crema,5.154776680920295
2024-09-17,11:47,mañana,7.8001,21.26,895,5.48,Crema,4.777165944044454
2024-09-17,12:26,mañana,6.8314,23.85,597,5.0,Crema,5.040057539880388
2024-09-17,13:09,mañana,7.461,25.64,346,5.0,Crema,5.133444619343516
2024-09-17,14:31,mañana,6.5558,27.0,206,5.0,Crema,5.012342598391314
2024-09-17,14:20,tarde,8.4742,26.95,200,5.0,Crema,5.159822056259802
2024-09-17,15:44,tarde,7.8514,26.32,296,5.0,Crema,4.922406732484944
2024-09-17,16:44,tarde,7.7496,24.71,476,5.0,Crema,5.211402116027837
2024-09-17,17:19,tarde,8.6869,24.72,487,5.0,Crema,5.344834718542888
2024-09-17,18:40,tarde,7.8584,21.94,807,5.16,Crema,4.945574215934051
2024-09-17,19:16,tarde,6.9801,23.02,696,5.0,Crema,4.933174621789885
2024-09-17,20:17,tarde,8.8237,20.69,977,5.7,Crema,5.218007671567655
2024-09-17,21:26,tarde,8.083,20.75,969,5.68,Crema,5.236935821859607
2024-09-17,22:41,tarde,7.911,19.67,1117,6.03,Crema,4.92157099592701
2024-09-17,22:48,noche,6.9264,20.11,1034,5.8,Crema,4.936971977435621
2024-09-17,23:14,noche,8.0054,19.22,1194,6.01,Crema,4.9577323086709235
2024-09-17,00:36,noche,7.8127,18.79,1217,6.22,Crema,4.798332423344858
2024-09-17,01:38,noche,6.5511,18.31,1259,6.35,Crema,4.86220220802737
2024-09-17,02:27,noche,6.8161,17.67,1346,6.47,Crema,4.84937888498719
2024-09-17,03:47,noche,8.0181,14.81,1703,6.5,Crema,4.8848303652343805
2024-09-17,04:52,noche,6.8776,16.39,1504,6.5,Crema,4.9947972668919824
2024-09-17,05:55,noche,7.0755,14.52,1715,6.5,Crema,5.035132209880478
2024-09-17,06:09,noche,6.4795,14.0,1812,6.5,Crema,5.232575073922112
2024-09-18,06:25,mañana,7.3679,15.72,1596,6.5,Crema,4.850246893889182
2024-09-18,07:17,mañana,7.154,16.35,1518,6.5,Crema,5.1476483597714875
2024-09-18,08:27,mañana,7.4829,16.02,1571,6.5,Crema,4.967901673366174
2024-09-18,09:42,mañana,7.4612,18.13,1293,6.44,Crema,4.992580443552135
2024-09-18,10:48,mañana,7.6609,20.57,977,5.65,Crema,5.101222923824991
2024-09-18,11:05,mañana,7.6351,21.88,826,5.38,Crema,4.831591696765655
2024-09-18,12:26,mañana,7.0953,22.16,782,5.06,Crema,5.0573614619276075
2024-09-18,13:02,mañana,7.191,26.19,300,5.0,Crema,5.024967831231958
2024-09-18,14:05,mañana,6.9517,27.0,200,5.0,Crema,5.073867689601222
2024-09-18,14:38,tarde,8.2612,27.0,200,5.0,Crema,5.043375296586173
2024-09-18,15:45,tarde,7.9483,26.8,217,5.0,Crema,5.3682950209866345
2024-09-18,16:57,tarde,7.8679,23.03,671,5.0,Crema,4.904339002362303
2024-09-18,17:58,tarde,7.6067,23.28,695,5.01,Crema,4.920350456749727
2024-09-18,18:55,tarde,7.153,22.46,743,5.0,Crema,4.906528921036285
2024-09-18,19:36,tarde,8.4299,22.96,704,5.0,Crema,4.916678432125962
2024-09-18,20:50,tarde,8.7713,20.78,961,5.6,Crema,4.904391930904023
2024-09-18,21:03,tarde,9.099,22.35,769,5.13,Crema,5.178352479666133
2024-09-18,22:27,tarde,8.0153,20.58,975,5.47,Crema,5.213075637198478
2024-09-18,22:11,noche,7.0054,19.49,1114,5.9,Crema,4.914388055937579
2024-09-18,23:31,noche,7.1908,20.02,1052,5.78,Crema,4.875146664034366
2024-09-18,00:21,noche,6.3263,16.21,1501,6.5,Crema,5.07071233345796
2024-09-18,01:11,noche,6.6272,18.63,1236,6.36,Crema,4.917166543357855
2024-09-18,02:51,noche,7.1505,17.77,1327,6.5,Crema,5.094939772663326
2024-09-18,03:55,noche,6.4515,14.86,1695,6.5,Crema,5.030438453127695
2024-09-18,04:10,noche,7.3899,15.91,1574,6.5,Crema,4.772638382750415
2024-09-18,05:01,noche,6.6251,15.22,1666,6.5,Crema,5.232125780199509
2024-09-18,06:35,noche,7.4324,14.0,1777,6.5,Crema,5.269381650964328
2024-09-19,06:23,mañana,6.7531,14.0,1791,6.5,Crema,4.908081696427342
2024-09-19,07:27,mañana,7.1866,16.16,1549,6.5,Crema,4.941844766009602
2024-09-19,08:46,mañana,7.1664,17.14,1400,6.5,Crema,5.042879808608736
2024-09-19,09:33,mañana,7.7392,20.25,1053,5.75,Crema,5.050168518498054
2024-09-19,10:55,mañana,7.3469,20.09,1075,5.88,Crema,5.098781640900925
2024-09-19,11:34,mañana,7.7858,21.2,883,5.45,Crema,5.3015306808149525
2024-09-19,12:34,mañana,7.4349,23.07,714,5.0,Crema,4.973457915875892
2024-09-19,13:47,mañana,7.6644,24.88,429,5.0,Crema,4.880255413319232
2024-09-19,14:04,mañana,6.2725,25.86,326,5.0,Crema,4.793102115797821
2024-09-19,14:57,tarde,7.2616,27.0,200,5.0,Crema,4.890360494008712
2024-09-19,15:56,tarde,8.0014,25.13,443,5.0,Crema,4.99503095406893
2024-09-19,16:22,tarde,8.3108,26.03,326,5.0,Crema,5.269183679527668
2024-09-19,17:37,tarde,7.9903,23.27,663,5.0,Crema,4.9223583051445745
2024-09-19,18:40,tarde,8.3035,23.96,546,5.0,Crema,5.033568192745835
2024-09-19,19:13,tarde,7.776,23.88,594,5.0,Crema,4.997536565589087
2024-09-19,20:48,tarde,8.9858,22.27,774,5.0,Crema,5.178258991017213
2024-09-19,21:12,tarde,7.5855,21.26,903,5.46,Crema,5.379039863881043
2024-09-19,22:42,tarde,7.945,21.7,859,5.24,Crema,4.920369684061952
2024-09-19,22:42,noche,7.4265,20.45,980,5.71,Crema,4.9265840836222665
2024-09-19,23:23,noche,7.4052,18.65,1248,6.43,Crema,5.156624131560361
2024-09-19,00:32,noche,7.4878,19.2,1136,6.03,Crema,5.102283723443946
2024-09-19,01:49,noche,7.4527,18.15,1293,6.5,Crema,5.277006098860405
2024-09-19,02:45,noche,7.4188,16.73,1438,6.5,Crema,5.087589227798895
2024-09-19,03:28,noche,7.4859,15.94,1547,6.5,Crema,4.946106186381941
2024-09-19,04:05,noche,6.6948,14.42,1776,6.5,Crema,5.088598224603847
2024-09-19,05:02,noche,6.6757,14.05,1811,6.5,Crema,5.166305537087436
2024-09-19,06:55,noche,6.7691,14.2,1780,6.5,Crema,5.123072327179605
2024-09-20,06:03,mañana,7.3043,14.0,1833,6.5,Crema,5.076091104666094
2024-09-20,07:07,mañana,6.8709,16.76,1475,6.5,Crema,5.160001203438373
2024-09-20,08:20,mañana,6.949,16.99,1437,6.5,Crema,5.175394338566851
2024-09-20,09:10,mañana,7.2745,19.93,1080,5.94,Crema,5.207323848655629
2024-09-20,10:40,mañana,7.3247,19.43,1107,5.98,Crema,5.097306483138446
2024-09-20,11:56,mañana,7.6296,19.77,1106,5.86,Crema,4.9749322879524716
2024-09-20,12:26,mañana,8.3986,24.06,559,5.0,Crema,5.022007052964998
2024-09-20,13:01,mañana,7.232,24.81,465,5.0,Crema,5.180976344976253
2024-09-20,14:28,mañana,7.2444,27.0,200,5.0,Crema,4.8774596493519145
2024-09-20,14:18,tarde,8.1005,27.0,200,5.0,Crema,5.055300996330935
2024-09-20,15:20,tarde,6.858,25.24,396,5.0,Crema,4.9409991781508955
2024-09-20,16:23,tarde,9.1236,23.66,608,5.0,Crema,5.004311723440223
2024-09-20,17:11,tarde,7.9789,25.37,407,5.0,Crema,5.191767779391095
2024-09-20,18:10,tarde,7.9354,23.71,584,5.0,Crema,5.028664860202985
2024-09-20,19:42,tarde,7.5087,22.18,777,5.04,Crema,5.006965482223422
2024-09-20,20:34,tarde,8.8751,21.28,896,5.33,Crema,4.796021578853012
2024-09-20,21:44,tarde,9.3161,21.12,892,5.39,Crema,5.1119380349040835
2024-09-20,22:21,tarde,8.4929,20.9,921,5.3,Crema,5.096822627171162
2024-09-20,22:07,noche,6.4049,20.44,979,5.5,Crema,5.324488208495819
2024-09-20,23:26,noche,6.9693,18.86,1218,6.35,Crema,4.9538332647570495
2024-09-20,00:53,noche,7.3324,17.86,1333,6.5,Crema,5.032872549149591
2024-09-20,01:38,noche,6.6377,18.08,1309,6.3,Crema,5.037407552556613
2024-09-20,02:50,noche,6.8408,17.58,1373,6.5,Crema,5.236617991964521
2024-09-20,03:49,noche,6.9737,14.89,1679,6.5,Crema,4.985705670141957
2024-09-20,04:36,noche,6.1794,14.21,1765,6.5,Crema,5.041853228865551
2024-09-20,05:00,noche,6.6251,14.93,1698,6.5,Crema,5.091184476457481
2024-09-20,06:40,noche,6.4965,14.0,1783,6.5,Crema,5.027991368473454
2024-09-23,06:20,mañana,6.6987,14.59,1703,6.5,Crema,4.933034957817421
2024-09-23,07:57,mañana,6.8481,15.79,1558,6.5,Crema,5.029113498934747
2024-09-23,08:34,mañana,7.0862,16.38,1524,6.5,Crema,5.161044762478966
2024-09-23,09:34,mañana,7.7136,18.44,1229,6.05,Crema,4.846022705088341
2024-09-23,10:10,mañana,7.007,19.3,1126,5.99,Crema,5.019945451122031
2024-09-23,11:11,mañana,8.1082,22.63,743,5.0,Crema,4.894981877759124
2024-09-23,12:59,mañana,7.1527,24.52,525,5.0,Crema,5.1792569943387265
2024-09-23,13:43,mañana,7.0473,26.41,276,5.0,Crema,4.771521964282433
2024-09-23,14:38,mañana,7.4543,26.84,220,5.0,Crema,4.916161722909262
2024-09-23,14:15,tarde,8.1099,27.0,205,5.0,Crema,5.056581781259678
2024-09-23,15:26,tarde,8.4416,26.85,236,5.0,Crema,5.234828604385151
2024-09-23,16:46,tarde,7.9292,24.94,442,5.0,Crema,4.990137460839052
2024-09-23,17:09,tarde,7.2309,24.17,548,5.0,Crema,4.91672007099602
2024-09-23,18:56,tarde,7.9026,22.75,701,5.0,Crema,5.282173560416089
2024-09-23,19:51,tarde,8.0321,21.92,844,5.29,Crema,4.7827979149375635
2024-09-23,20:23,tarde,8.588,21.24,883,5.44,Crema,4.670179106506987
2024-09-23,21:23,tarde,8.3003,22.08,823,5.11,Crema,5.066002167508
2024-09-23,22:21,tarde,8.1401,19.65,1103,5.77,Crema,4.924691866347108
2024-09-23,22:14,noche,7.3761,19.88,1081,5.8,Crema,4.846815077430393
2024-09-23,23:46,noche,6.6175,17.78,1326,6.5,Crema,5.106253467094903
2024-09-23,00:27,noche,6.7348,18.4,1256,6.43,Crema,5.03657010706568
2024-09-23,01:20,noche,7.0184,16.0,1546,6.5,Crema,4.91538820538949
2024-09-23,02:24,noche,6.6519,16.97,1437,6.5,Crema,4.807954340199366
2024-09-23,03:46,noche,6.5929,14.69,1718,6.5,Crema,5.130868599242022
2024-09-23,04:03,noche,7.1161,15.9,1558,6.5,Crema,5.097530176693799
2024-09-23,05:38,noche,6.5375,14.0,1802,6.5,Crema,4.985123620433092
2024-09-23,06:49,noche,7.6106,14.06,1771,6.5,Crema,5.276995549407149
2024-09-24,06:10,mañana,6.825,14.63,1708,6.5,Crema,4.839487285051077
2024-09-24,07:02,mañana,6.5962,15.56,1605,6.5,Crema,4.771171224361289
2024-09-24,08:37,mañana,6.912,16.75,1459,6.5,Crema,4.896213789517813
2024-09-24,09:25,mañana,7.1041,19.97,1046,5.86,Crema,4.9931620975466755
2024-09-24,10:09,mañana,7.1908,20.43,1001,5.76,Crema,5.036500917398404
2024-09-24,11:39,mañana,8.6183,21.4,906,5.46,Crema,4.96381459132155
2024-09-24,12:54,mañana,6.9421,24.16,550,5.0,Crema,5.052808309477144
2024-09-24,13:33,mañana,7.7019,24.11,554,5.0,Crema,4.812269086371433
2024-09-24,14:40,mañana,6.6045,27.0,200,5.0,Crema,5.216564690610989
2024-09-24,14:32,tarde,7.283,27.0,200,5.0,Crema,4.9876773232411145
2024-09-24,15:29,tarde,8.1165,26.6,213,5.0,Crema,5.167594374738219
2024-09-24,16:58,tarde,7.8519,24.67,503,5.0,Crema,5.051408801956655
2024-09-24,17:57,tarde,7.9906,22.93,696,5.0,Crema,5.0685129828730675
2024-09-24,18:58,tarde,7.8714,23.79,591,5.0,Crema,5.0854650920348305
2024-09-24,19:10,tarde,6.8768,22.86,710,5.0,Crema,5.067156284002597
2024-09-24,20:43,tarde,8.7047,21.87,825,5.27,Crema,5.096408413980131
2024-09-24,21:17,tarde,8.1629,19.27,1163,6.21,Crema,5.199372879519864
2024-09-24,22:13,tarde,8.5461,21.52,861,5.28,Crema,5.02947817545522
2024-09-24,22:18,noche,7.5004,19.73,1103,5.94,Crema,5.106350563638276
2024-09-24,23:24,noche,7.7385,19.36,1132,6.02,Crema,4.986539645856916
2024-09-24,00:24,noche,6.381,16.83,1421,6.5,Crema,5.216017582317421
2024-09-24,01:10,noche,7.1886,17.63,1357,6.5,Crema,4.8985411546911095
2024-09-24,02:01,noche,7.0361,16.75,1459,6.5,Crema,5.270141064936622
2024-09-24,03:31,noche,6.9511,15.82,1597,6.5,Crema,4.993976307403348
2024-09-24,04:36,noche,6.9168,15.43,1634,6.5,Crema,4.785383734682293
2024-09-24,05:53,noche,5.9798,14.04,1777,6.5,Crema,5.019215662236618
2024-09-24,06:12,noche,7.1343,15.63,1621,6.5,Crema,4.897842251378768
2024-09-25,06:06,mañana,6.3138,14.0,1770,6.5,Crema,5.126096532348309
2024-09-25,07:21,mañana,6.4462,14.63,1730,6.5,Crema,4.902106403104641
2024-09-25,08:37,mañana,7.0369,15.99,1547,6.5,Crema,4.933072485017783
2024-09-25,09:36,mañana,7.1712,17.9,1312,6.5,Crema,4.71656889035817
2024-09-25,10:31,mañana,7.2605,20.0,1062,5.84,Crema,4.932154052112638
2024-09-25,11:01,mañana,6.208,21.8,848,5.31,Crema,4.636418101005656
2024-09-25,12:03,mañana,6.8711,21.79,856,5.24,Crema,4.762414576477141
2024-09-25,13:36,mañana,7.2214,25.55,350,5.0,Crema,5.114062198421645
2024-09-25,14:32,mañana,6.4449,26.0,337,5.0,Crema,5.117870023797625
2024-09-25,14:18,tarde,8.5818,26.19,319,5.0,Crema,5.0638186342677445
2024-09-25,15:11,tarde,7.3555,25.23,399,5.0,Crema,4.854953578530618
2024-09-25,16:51,tarde,7.4532,23.8,583,5.0,Crema,4.992843296578703
2024-09-25,17:45,tarde,7.388,23.25,651,5.0,Crema,4.999459619136415
2024-09-25,18:45,tarde,7.5182,22.7,721,5.0,Crema,4.826245296621119
2024-09-25,19:16,tarde,7.7092,22.6,745,5.0,Crema,5.2255097452650725
2024-09-25,20:09,tarde,7.7167,21.42,889,5.53,Crema,5.131604343586351
2024-09-25,21:45,tarde,7.7903,22.09,812,5.17,Crema,4.966855373925551
2024-09-25,22:06,tarde,7.4746,19.32,1140,6.05,Crema,5.004032875849179
2024-09-25,22:44,noche,7.6269,20.58,994,5.74,Crema,5.031257421192133
2024-09-25,23:06,noche,8.4994,19.66,1102,5.88,Crema,4.693739769736356
2024-09-25,00:44,noche,7.6742,18.47,1254,6.19,Crema,4.96292339262191
2024-09-25,01:02,noche,6.307,16.93,1458,6.5,Crema,4.89770236280033
2024-09-25,02:09,noche,6.863,17.32,1415,6.5,Crema,4.849756998515763
2024-09-25,03:58,noche,6.499,16.33,1521,6.5,Crema,4.9578349560671064
2024-09-25,04:58,noche,5.6592,14.53,1712,6.5,Crema,5.269652979027429
2024-09-25,05:15,noche,7.0662,14.52,1756,6.5,Crema,5.096126429190051
2024-09-25,06:11,noche,6.3565,14.57,1723,6.5,Crema,4.914323151532581
2024-09-26,06:01,mañana,6.4596,14.79,1712,6.5,Crema,5.085887417203423
2024-09-26,07:39,mañana,6.3291,15.59,1612,6.5,Crema,5.2099033154879
2024-09-26,08:21,mañana,7.0194,16.78,1476,6.5,Crema,5.1386950524369155
2024-09-26,09:17,mañana,6.2473,17.36,1377,6.5,Crema,5.008944555488026
2024-09-26,10:48,mañana,7.552,21.55,876,5.3,Crema,4.902959483344164
2024-09-26,11:26,mañana,6.7021,22.48,753,5.0,Crema,5.104733497042038
2024-09-26,12:36,mañana,7.3478,22.58,745,5.0,Crema,5.059022807813262
2024-09-26,13:25,mañana,6.7846,23.66,618,5.0,Crema,5.13427898300416
2024-09-26,14:23,mañana,6.9899,27.0,212,5.0,Crema,5.095275770252296
2024-09-26,14:55,tarde,8.271,27.0,209,5.0,Crema,5.1574329072979
2024-09-26,15:18,tarde,8.6339,27.0,200,5.0,Crema,4.919714718265915
2024-09-26,16:02,tarde,8.6561,25.43,389,5.0,Crema,5.197609109845149
2024-09-26,17:05,tarde,8.2824,24.12,560,5.0,Crema,5.02963994070386
2024-09-26,18:58,tarde,8.2598,23.41,643,5.0,Crema,5.3112891308937895
2024-09-26,19:23,tarde,8.1455,22.08,806,5.14,Crema,4.896621827286565
2024-09-26,20:36,tarde,8.0396,22.71,730,5.18,Crema,5.260394570474787
2024-09-26,21:33,tarde,8.2843,20.23,1037,5.84,Crema,5.029686617519397
2024-09-26,22:18,tarde,7.8218,21.73,855,5.2,Crema,4.902287299457833
2024-09-26,22:15,noche,7.918,20.21,1037,5.75,Crema,4.927417124891852
2024-09-26,23:22,noche,6.7631,18.87,1210,6.24,Crema,4.951947903770852
2024-09-26,00:07,noche,7.6956,18.32,1261,6.26,Crema,5.063624891960288
2024-09-26,01:15,noche,6.8984,18.93,1236,6.09,Crema,5.078425323205325
2024-09-26,02:28,noche,6.3105,16.1,1526,6.5,Crema,4.913944999409213
2024-09-26,03:33,noche,6.6914,16.61,1486,6.5,Crema,4.996346811160852
2024-09-26,04:53,noche,6.1028,16.72,1437,6.5,Crema,5.32134055379178
2024-09-26,05:24,noche,7.0864,14.36,1786,6.5,Crema,5.259131475515106
2024-09-26,06:52,noche,5.9618,14.0,1801,6.5,Crema,5.065448550451105
2024-09-27,06:41,mañana,6.6939,14.0,1788,6.5,Crema,5.00570052172523
2024-09-27,07:15,mañana,6.6351,16.09,1559,6.5,Crema,5.018004699007739
2024-09-27,08:54,mañana,7.4456,17.25,1412,6.5,Crema,5.092027695909563
2024-09-27,09:47,mañana,7.2087,19.16,1165,6.1,Crema,4.846581115220239
2024-09-27,10:04,mañana,7.08,19.82,1072,5.87,Crema,4.961393519386498
2024-09-27,11:43,mañana,8.7154,21.74,850,5.32,Crema,4.749712388918361
2024-09-27,12:45,mañana,6.9,23.24,644,5.0,Crema,5.059883468390792
2024-09-27,13:38,mañana,7.139,24.83,466,5.0,Crema,5.097079390955411
2024-09-27,14:11,mañana,6.9684,25.62,384,5.0,Crema,4.927522030655094
2024-09-27,14:58,tarde,7.3794,25.69,361,5.0,Crema,5.236098014493505
2024-09-27,15:12,tarde,7.9784,25.66,347,5.0,Crema,4.816135150549649
2024-09-27,16:28,tarde,7.7573,23.86,575,5.0,Crema,4.780343767968527
2024-09-27,17:08,tarde,7.9475,24.53,476,5.0,Crema,5.033667772783995
2024-09-27,18:17,tarde,7.1534,24.45,516,5.0,Crema,5.157064745391823
2024-09-27,19:07,tarde,8.1778,22.5,754,5.12,Crema,5.25258915371868
2024-09-27,20:34,tarde,7.2242,22.42,798,5.2,Crema,4.931167360569659
2024-09-27,21:41,tarde,9.8521,21.18,934,5.57,Crema,5.161802125014694
2024-09-27,22:04,tarde,6.6309,19.53,1112,5.87,Crema,4.994223729574894
2024-09-27,22:46,noche,7.8515,21.11,925,5.59,Crema,4.974105905008877
2024-09-27,23:25,noche,7.6567,19.86,1099,5.91,Crema,5.132548990623001
2024-09-27,00:55,noche,7.2541,18.64,1263,6.31,Crema,5.097848431762013
2024-09-27,01:41,noche,7.6945,19.18,1163,5.85,Crema,4.763541176452363
2024-09-27,02:48,noche,6.2375,17.85,1341,6.46,Crema,5.221481052458884
2024-09-27,03:52,noche,8.066,16.36,1503,6.5,Crema,5.207013703122118
2024-09-27,04:16,noche,5.9491,16.62,1500,6.5,Crema,4.9061655947735705
2024-09-27,05:02,noche,6.5115,15.22,1635,6.5,Crema,5.059370530015611
2024-09-27,06:30,noche,6.8794,14.83,1707,6.5,Crema,5.074104527942411
2024-09-30,06:07,mañana,7.2913,14.0,1802,6.5,Crema,5.039101064873586
2024-09-30,07:32,mañana,7.9361,15.71,1584,6.5,Crema,4.917454226923187
2024-09-30,08:55,mañana,7.592,18.77,1207,6.12,Crema,4.8992564948092925
2024-09-30,09:45,mañana,5.9891,18.68,1248,6.27,Crema,4.996166889351283
2024-09-30,10:07,mañana,7.448,20.26,1030,5.73,Crema,5.175909352888905
2024-09-30,11:53,mañana,6.954,21.0,949,5.46,Crema,5.081540023189165
2024-09-30,12:43,mañana,7.6093,24.87,461,5.0,Crema,4.944407850187084
2024-09-30,13:00,mañana,7.1882,24.91,440,5.0,Crema,5.115754806597252
2024-09-30,14:12,mañana,7.3323,27.0,200,5.0,Crema,4.572718606905489
2024-09-30,14:17,tarde,6.6942,25.41,400,5.0,Crema,5.172314855055816
2024-09-30,15:47,tarde,8.3617,26.78,202,5.0,Crema,4.739042933183285
2024-09-30,16:57,tarde,7.6534,25.37,366,5.0,Crema,4.94563385878953
2024-09-30,17:35,tarde,7.6029,24.23,558,5.0,Crema,4.832049515806078
2024-09-30,18:59,tarde,7.8778,23.46,621,5.0,Crema,4.805797778641864
2024-09-30,19:14,tarde,8.0774,22.33,790,5.08,Crema,5.174124018106778
2024-09-30,20:59,tarde,7.856,22.69,769,5.0,Crema,4.9298448198032165
2024-09-30,21:33,tarde,7.9171,20.91,943,5.57,Crema,5.051975582259607
2024-09-30,22:46,tarde,7.7623,20.07,1025,5.55,Crema,4.992961913168123
2024-09-30,22:38,noche,7.11,19.09,1163,6.02,Crema,5.071556124083468
2024-09-30,23:23,noche,7.5826,19.59,1105,5.9,Crema,5.011523283659038
2024-09-30,00:33,noche,7.2225,18.16,1289,6.22,Crema,4.807551166371715
2024-09-30,01:30,noche,7.1699,18.88,1186,6.18,Crema,5.149440022917071
2024-09-30,02:41,noche,7.4725,16.87,1448,6.5,Crema,4.925936512525803
2024-09-30,03:49,noche,7.1817,16.36,1521,6.5,Crema,4.766512715201038
2024-09-30,04:14,noche,5.8642,15.88,1601,6.5,Crema,4.9357827258551135
2024-09-30,05:19,noche,7.0388,15.75,1588,6.5,Crema,5.225113968595147
2024-09-30,06:17,noche,7.1989,15.25,1669,6.5,Crema,5.127533261317024
2024-10-01,06:19,mañana,6.8512,14.89,1693,6.5,Crema,4.947702179838821
2024-10-01,07:23,mañana,6.0606,15.34,1657,6.5,Crema,4.947611344352236
2024-10-01,08:15,mañana,7.2151,17.99,1282,6.5,Crema,4.951754742317393
2024-10-01,09:41,mañana,7.6202,18.58,1253,6.27,Crema,5.311512197534126
2024-10-01,10:05,mañana,7.2071,20.72,970,5.69,Crema,5.057290317834733
2024-10-01,11:24,mañana,7.846,21.74,856,5.32,Crema,5.06450624707866
2024-10-01,12:50,mañana,8.252,24.11,548,5.0,Crema,5.154542518104776
2024-10-01,13:40,mañana,7.0712,24.86,439,5.0,Crema,5.035818373853977
2024-10-01,14:31,mañana,7.8651,26.93,200,5.0,Crema,4.961143678126895
2024-10-01,14:29,tarde,8.7558,27.0,201,5.0,Crema,4.970547522637253
2024-10-01,15:54,tarde,8.7851,26.53,230,5.0,Crema,4.989259811087891
2024-10-01,16:34,tarde,7.3949,26.11,308,5.0,Crema,4.9944166645235235
2024-10-01,17:36,tarde,8.1674,24.37,539,5.0,Crema,5.1091444315455465
2024-10-01,18:12,tarde,8.3232,24.06,584,5.0,Crema,5.007791882871095
2024-10-01,19:04,tarde,8.5091,23.36,624,5.0,Crema,5.109896011582337
2024-10-01,20:59,tarde,8.2907,21.52,866,5.45,Crema,4.987892512983713
2024-10-01,21:33,tarde,7.2627,19.73,1092,5.99,Crema,5.011795278547414
2024-10-01,22:14,tarde,7.903,19.99,1057,5.63,Crema,4.700269897320184
2024-10-01,22:07,noche,8.5324,20.77,956,5.48,Crema,5.137449151205372
2024-10-01,23:28,noche,7.7691,18.97,1186,6.29,Crema,5.051973271384699
2024-10-01,00:44,noche,7.1156,18.54,1226,6.26,Crema,5.149701516478948
2024-10-01,01:40,noche,7.5972,19.17,1159,6.06,Crema,4.565561693270946
2024-10-01,02:51,noche,7.5214,17.23,1388,6.5,Crema,5.313256205717109
2024-10-01,03:41,noche,7.94,17.32,1384,6.5,Crema,4.979061555776724
2024-10-01,04:04,noche,6.5647,15.45,1609,6.5,Crema,5.1662274225106275
2024-10-01,05:14,noche,6.3378,14.22,1770,6.5,Crema,4.8440141109311705
2024-10-01,06:40,noche,6.5956,14.0,1794,6.5,Crema,5.091916085759386
2024-10-02,06:24,mañana,7.3933,14.0,1790,6.5,Crema,4.841987665523952
2024-10-02,07:33,mañana,7.0471,15.7,1596,6.5,Crema,4.906434655895629
2024-10-02,08:16,mañana,7.2921,16.68,1489,6.5,Crema,5.287104703080018
2024-10-02,09:28,mañana,7.6416,18.23,1253,6.32,Crema,4.971397639885498
2024-10-02,10:46,mañana,6.973,18.65,1212,6.23,Crema,5.032614930976958
2024-10-02,11:54,mañana,6.9448,22.95,701,5.0,Crema,5.130510159603313
2024-10-02,12:52,mañana,7.4369,23.4,656,5.0,Crema,5.074352283195891
2024-10-02,13:05,mañana,7.305,23.57,626,5.0,Crema,5.022562835771536
2024-10-02,14:40,mañana,7.2337,27.0,200,5.0,Crema,5.054744150369934
2024-10-02,14:06,tarde,8.3335,27.0,200,5.0,Crema,5.3605123377857415
2024-10-02,15:15,tarde,7.8354,25.81,342,5.0,Crema,4.991357180444962
2024-10-02,16:42,tarde,7.8588,23.75,625,5.0,Crema,5.030164857007245
2024-10-02,17:04,tarde,7.5125,23.74,638,5.0,Crema,5.157598159401142
2024-10-02,18:36,tarde,7.5607,23.33,670,5.0,Crema,5.165828889943698
2024-10-02,19:07,tarde,8.0102,23.27,653,5.0,Crema,5.178054545834057
2024-10-02,20:15,tarde,7.8953,22.3,790,5.18,Crema,5.095809533304378
2024-10-02,21:26,tarde,7.2454,21.23,902,5.34,Crema,4.828549263090427
2024-10-02,22:51,tarde,8.2271,21.06,939,5.47,Crema,5.245014729845164
2024-10-02,22:27,noche,7.1329,21.71,845,5.3,Crema,4.828048191047197
2024-10-02,23:45,noche,7.2743,19.27,1167,6.13,Crema,5.045395319785855
2024-10-02,00:14,noche,7.7828,18.47,1242,6.26,Crema,4.886858622497097
2024-10-02,01:32,noche,7.1127,17.0,1448,6.5,Crema,4.990379248011051
2024-10-02,02:45,noche,7.3109,17.27,1388,6.5,Crema,5.049314361545522
2024-10-02,03:50,noche,5.971,15.16,1659,6.5,Crema,5.048203582317541
2024-10-02,04:24,noche,6.6103,14.68,1707,6.5,Crema,5.063288113135293
2024-10-02,05:19,noche,7.1142,14.38,1731,6.5,Crema,5.242056690358797
2024-10-02,06:31,noche,6.3189,14.0,1804,6.5,Crema,5.068030145227097
2024-10-03,06:42,mañana,7.8892,15.23,1677,6.5,Crema,4.963376504706403
2024-10-03,07:07,mañana,7.0433,15.85,1586,6.5,Crema,5.144613075243254
2024-10-03,08:07,mañana,6.8156,17.69,1364,6.5,Crema,5.178420573338696
2024-10-03,09:23,mañana,6.9754,19.83,1094,5.84,Crema,4.815858827729451
2024-10-03,10:52,mañana,8.4016,20.74,985,5.6,Crema,5.089610010477479
2024-10-03,11:08,mañana,7.3167,22.98,682,5.0,Crema,5.105175911346635
2024-10-03,12:52,mañana,6.9748,22.96,676,5.0,Crema,4.955365474496001
2024-10-03,13:09,mañana,7.9366,26.14,286,5.0,Crema,5.206356021996743
2024-10-03,14:43,mañana,6.357,26.0,313,5.0,Crema,4.977491661945121
2024-10-03,14:52,tarde,7.3551,25.49,366,5.0,Crema,5.018836468020732
2024-10-03,15:44,tarde,8.0169,27.0,217,5.0,Crema,4.974039226357419
2024-10-03,16:25,tarde,7.9207,25.04,436,5.0,Crema,5.00233685713722
2024-10-03,17:19,tarde,8.3307,23.59,610,5.0,Crema,4.835558736965719
2024-10-03,18:14,tarde,8.4168,23.63,606,5.0,Crema,4.783992367610856
2024-10-03,19:11,tarde,8.2588,23.45,638,5.0,Crema,5.239175759483746
2024-10-03,20:39,tarde,8.9624,22.69,697,5.0,Crema,4.872955797752251
2024-10-03,21:11,tarde,7.8115,21.0,927,5.5,Crema,4.851291147581554
2024-10-03,22:03,tarde,7.4808,20.29,1038,5.78,Crema,4.676991482959443
2024-10-03,22:07,noche,6.3411,21.26,922,5.37,Crema,4.904155737846574
2024-10-03,23:12,noche,8.1648,19.36,1134,5.94,Crema,4.801536530988876
2024-10-03,00:19,noche,7.7193,18.31,1268,6.39,Crema,5.246302274020455
2024-10-03,01:04,noche,7.4611,18.47,1267,6.24,Crema,5.151472563401395
2024-10-03,02:26,noche,7.0453,15.07,1636,6.5,Crema,4.896777448223341
2024-10-03,03:14,noche,6.8313,16.44,1529,6.5,Crema,5.337865370801646
2024-10-03,04:28,noche,6.5162,15.15,1634,6.5,Crema,5.147264823048739
2024-10-03,05:47,noche,6.8097,15.74,1601,6.5,Crema,4.9512752924737065
2024-10-03,06:14,noche,6.515,14.28,1754,6.5,Crema,4.625089142768964
2024-10-04,06:55,mañana,6.9114,15.09,1689,6.5,Crema,5.343641385888612
2024-10-04,07:36,mañana,7.4186,15.55,1633,6.5,Crema,4.791564129985461
2024-10-04,08:36,mañana,6.7297,18.71,1219,6.48,Crema,4.753190187956466
2024-10-04,09:54,mañana,8.0692,19.9,1086,5.85,Crema,5.153385564801446
2024-10-04,10:24,mañana,7.1741,22.22,765,5.03,Crema,5.365962860950891
2024-10-04,11:00,mañana,7.4166,22.47,769,5.28,Crema,5.207640922776577
2024-10-04,12:36,mañana,7.0338,23.62,631,5.0,Crema,5.084586368007854
2024-10-04,13:44,mañana,7.4896,24.13,534,5.0,Crema,5.089213151249793
2024-10-04,14:32,mañana,6.5922,26.5,262,5.0,Crema,5.128012333817046
2024-10-04,14:03,tarde,7.8674,27.0,209,5.0,Crema,5.113839288468014
2024-10-04,15:57,tarde,7.7492,26.47,264,5.0,Crema,5.042178713595407
2024-10-04,16:28,tarde,8.0746,24.46,516,5.0,Crema,5.015630165592781
2024-10-04,17:37,tarde,7.2753,25.82,361,5.0,Crema,4.990611030815072
2024-10-04,18:37,tarde,7.852,22.62,732,5.0,Crema,4.886905311669999
2024-10-04,19:41,tarde,7.8246,24.45,516,5.0,Crema,4.957898738469984
2024-10-04,20:35,tarde,7.3395,22.2,804,5.15,Crema,4.746056477870693
2024-10-04,21:10,tarde,7.5067,20.91,950,5.35,Crema,4.985249055980788
2024-10-04,22:23,tarde,8.5608,19.61,1102,5.89,Crema,4.851711333927362
2024-10-04,22:11,noche,6.9653,19.66,1119,6.09,Crema,4.834461602417634
2024-10-04,23:13,noche,7.151,20.14,1028,5.88,Crema,5.026984122673022
2024-10-04,00:05,noche,7.9197,19.92,1056,5.77,Crema,5.20880034295169
2024-10-04,01:44,noche,6.322,17.75,1350,6.5,Crema,5.137747490900347
2024-10-04,02:21,noche,7.2001,16.76,1479,6.5,Crema,4.764424909456523
2024-10-04,03:08,noche,6.2948,16.16,1532,6.5,Crema,4.85155577951445
2024-10-04,04:08,noche,6.9327,15.8,1589,6.5,Crema,5.141115678198233
2024-10-04,05:34,noche,7.0971,15.02,1664,6.5,Crema,4.852626890969254
2024-10-04,06:55,noche,6.2816,14.0,1791,6.5,Crema,4.966305027500447
2024-10-07,06:37,mañana,8.11,14.91,1718,6.5,Crema,5.082507814853683
2024-10-07,07:21,mañana,7.1931,15.69,1586,6.5,Crema,4.8547483317704545
2024-10-07,08:02,mañana,7.2662,18.31,1274,6.29,Crema,5.015806325921894
2024-10-07,09:45,mañana,6.8051,18.38,1249,6.5,Crema,4.799896175762269
2024-10-07,10:21,mañana,7.7964,20.11,1056,5.86,Crema,4.909794853407318
2024-10-07,11:05,mañana,6.9965,22.04,797,5.07,Crema,5.04796729012138
2024-10-07,12:07,mañana,7.6514,24.76,490,5.0,Crema,4.761050939970249
2024-10-07,13:06,mañana,7.4499,25.1,437,5.0,Crema,5.0660712106940595
2024-10-07,14:16,mañana,6.6147,25.75,362,5.0,Crema,4.9970543301609975
2024-10-07,14:48,tarde,7.0218,26.0,317,5.0,Crema,5.082873493162572
2024-10-07,15:58,tarde,7.801,25.45,406,5.0,Crema,5.033587120109699
2024-10-07,16:45,tarde,8.3117,24.64,508,5.0,Crema,5.204621064496076
2024-10-07,17:38,tarde,7.927,24.84,481,5.0,Crema,5.018783675397186
2024-10-07,18:39,tarde,7.2872,23.13,691,5.0,Crema,4.935589168831212
2024-10-07,19:32,tarde,6.8373,24.12,555,5.0,Crema,5.0183446254548425
2024-10-07,20:29,tarde,7.3974,20.81,960,5.62,Crema,5.081494704355459
2024-10-07,21:28,tarde,8.8888,20.95,938,5.55,Crema,5.0073290105488555
2024-10-07,22:35,tarde,8.0098,19.65,1122,5.89,Crema,5.006088753680582
2024-10-07,22:58,noche,7.4326,19.58,1093,6.01,Crema,4.894701246828987
2024-10-07,23:26,noche,7.2239,19.79,1066,5.95,Crema,4.900564862367358
2024-10-07,00:41,noche,7.4077,19.33,1131,5.98,Crema,4.789609209230046
2024-10-07,01:01,noche,7.0536,17.44,1401,6.5,Crema,5.2624365114780405
2024-10-07,02:11,noche,6.7225,16.76,1448,6.5,Crema,4.813420514691307
2024-10-07,03:06,noche,7.2623,15.9,1538,6.5,Crema,4.896064220330614
2024-10-07,04:12,noche,6.5464,14.84,1723,6.5,Crema,4.89223891016462
2024-10-07,05:29,noche,7.2611,14.88,1706,6.5,Crema,5.134238656541666
2024-10-07,06:41,noche,7.0064,14.0,1804,6.5,Crema,4.955757548256196
2024-10-08,06:19,mañana,6.5788,14.14,1789,6.5,Crema,5.18716131090106
2024-10-08,07:36,mañana,8.2406,17.34,1403,6.5,Crema,4.89897640636342
2024-10-08,08:00,mañana,6.7383,17.85,1337,6.45,Crema,5.04184912433357
2024-10-08,09:56,mañana,7.538,19.08,1177,6.24,Crema,4.874697942011037
2024-10-08,10:56,mañana,6.6326,19.95,1085,5.95,Crema,5.321772369166008
2024-10-08,11:04,mañana,7.6376,22.75,736,5.0,Crema,4.821860237145573
2024-10-08,12:41,mañana,7.3196,23.31,650,5.0,Crema,5.046473106534054
2024-10-08,13:43,mañana,7.4935,25.22,415,5.0,Crema,5.095066532139815
2024-10-08,14:06,mañana,8.0477,25.32,401,5.0,Crema,5.062069864617725
2024-10-08,14:16,tarde,7.9615,26.1,314,5.0,Crema,4.972206851168344
2024-10-08,15:51,tarde,7.7686,26.45,280,5.0,Crema,4.980526895039986
2024-10-08,16:26,tarde,7.8322,25.51,368,5.0,Crema,5.006571720796867
2024-10-08,17:14,tarde,7.8731,23.83,597,5.0,Crema,4.977949699755727
2024-10-08,18:01,tarde,7.4768,23.38,622,5.0,Crema,5.1445818675192365
2024-10-08,19:40,tarde,7.6643,22.76,718,5.0,Crema,5.331578450238703
2024-10-08,20:04,tarde,8.1595,22.22,787,5.14,Crema,4.916376232248825
2024-10-08,21:47,tarde,7.7637,19.74,1077,5.7,Crema,4.794529553063138
2024-10-08,22:47,tarde,8.0243,19.67,1099,5.74,Crema,4.986757692747312
2024-10-08,22:33,noche,6.9584,19.91,1088,5.73,Crema,5.386956400648148
2024-10-08,23:32,noche,6.7324,20.43,1008,5.46,Crema,4.87944881480454
2024-10-08,00:41,noche,7.0884,18.31,1252,6.35,Crema,5.24586752081661
2024-10-08,01:24,noche,7.6156,18.68,1224,6.24,Crema,5.251655122111466
2024-10-08,02:51,noche,7.2569,18.48,1254,6.37,Crema,4.916961763743801
2024-10-08,03:31,noche,6.8607,15.52,1634,6.5,Crema,5.085347461877792
2024-10-08,04:57,noche,6.6884,15.23,1639,6.5,Crema,5.244259493469281
2024-10-08,05:36,noche,7.3123,15.77,1583,6.5,Crema,4.943130838851877
2024-10-08,06:52,noche,6.7467,14.0,1815,6.5,Crema,4.969462945984645
2024-10-09,06:01,mañana,6.4534,15.71,1600,6.5,Crema,4.912747862907703
2024-10-09,07:28,mañana,6.8502,15.08,1663,6.5,Crema,4.84778649039607
2024-10-09,08:26,mañana,7.4172,15.63,1607,6.5,Crema,4.902608368240099
2024-10-09,09:13,mañana,7.1387,18.92,1208,6.05,Crema,4.816408959985662
2024-10-09,10:16,mañana,7.501,19.86,1088,5.67,Crema,5.0051125202388835
2024-10-09,11:17,mañana,7.8249,22.71,721,5.01,Crema,4.884504015341204
2024-10-09,12:19,mañana,7.3225,24.94,464,5.0,Crema,5.035067886768612
2024-10-09,13:48,mañana,7.4058,24.41,505,5.0,Crema,4.766615653069456
2024-10-09,14:08,mañana,7.482,27.0,216,5.0,Crema,5.049632034832168
2024-10-09,14:49,tarde,7.8579,27.0,210,5.0,Crema,5.125029344241339
2024-10-09,15:44,tarde,6.9693,26.73,218,5.0,Crema,4.700939653614282
2024-10-09,16:46,tarde,7.7855,26.04,314,5.0,Crema,5.056108485477136
2024-10-09,17:59,tarde,7.3527,24.04,560,5.0,Crema,5.184150348870994
2024-10-09,18:13,tarde,8.7955,22.77,698,5.0,Crema,4.818553847196319
2024-10-09,19:26,tarde,7.7405,23.13,656,5.0,Crema,5.250885858025655
2024-10-09,20:21,tarde,8.5443,21.47,886,5.34,Crema,5.062852851404907
2024-10-09,21:08,tarde,7.5089,22.41,753,5.07,Crema,4.894248221636238
2024-10-09,22:11,tarde,7.6362,19.32,1159,6.05,Crema,4.991634638351344
2024-10-09,22:06,noche,7.5378,20.09,1052,5.67,Crema,5.083749036878259
2024-10-09,23:48,noche,7.9216,21.11,935,5.36,Crema,5.011400808711862
2024-10-09,00:32,noche,7.0381,19.41,1139,6.02,Crema,5.0808133988669555
2024-10-09,01:12,noche,6.2823,17.04,1429,6.5,Crema,4.861898961038095
2024-10-09,02:15,noche,7.8259,18.08,1297,6.48,Crema,5.025404123605412
2024-10-09,03:25,noche,6.8138,15.88,1557,6.5,Crema,4.787942825464253
2024-10-09,04:22,noche,6.6747,16.71,1460,6.5,Crema,4.983316090797695
2024-10-09,05:19,noche,7.8093,14.0,1821,6.5,Crema,4.864413853780282
2024-10-09,06:22,noche,7.4299,14.78,1716,6.5,Crema,4.889670508611535
2024-10-10,06:57,mañana,6.5254,14.37,1765,6.5,Crema,5.185413976281565
2024-10-10,07:29,mañana,6.9591,15.3,1658,6.5,Crema,5.16369651808914
2024-10-10,08:01,mañana,7.3499,17.35,1379,6.5,Crema,5.091370718136076
2024-10-10,09:11,mañana,7.7012,19.92,1058,5.95,Crema,4.836153085299113
2024-10-10,10:45,mañana,7.4966,21.7,843,5.24,Crema,4.95253873254578
2024-10-10,11:40,mañana,6.6189,22.93,705,5.0,Crema,5.181964654996878
2024-10-10,12:51,mañana,6.5999,24.52,496,5.0,Crema,5.021257537045986
2024-10-10,13:39,mañana,7.3533,26.14,307,5.0,Crema,5.347899430997254
2024-10-10,14:34,mañana,7.0976,27.0,209,5.0,Crema,5.058997675909156
2024-10-10,14:00,tarde,7.4654,26.55,256,5.0,Crema,5.0288073674735045
2024-10-10,15:05,tarde,6.9248,24.93,455,5.0,Crema,4.9536325303696245
2024-10-10,16:16,tarde,8.7187,25.91,305,5.0,Crema,5.020031135717343
2024-10-10,17:16,tarde,8.213,24.2,546,5.0,Crema,4.977129524542918
2024-10-10,18:39,tarde,9.3283,23.16,654,5.0,Crema,5.106216301503289
2024-10-10,19:56,tarde,8.7199,22.92,673,5.0,Crema,5.143505347519188
2024-10-10,20:25,tarde,7.9756,20.92,929,5.48,Crema,4.882101580923807
2024-10-10,21:13,tarde,8.7597,20.85,953,5.52,Crema,4.800315056966333
2024-10-10,22:32,tarde,7.8438,20.7,973,5.6,Crema,4.724569194034506
2024-10-10,22:38,noche,7.688,20.7,983,5.64,Crema,5.0761986990368815
2024-10-10,23:37,noche,7.6097,20.36,1016,5.84,Crema,4.834495009073919
2024-10-10,00:56,noche,7.5898,19.01,1187,6.08,Crema,4.677066411057128
2024-10-10,01:48,noche,7.5764,17.61,1349,6.5,Crema,5.058286790679644
2024-10-10,02:50,noche,6.1039,16.33,1489,6.5,Crema,5.373949927614919
2024-10-10,03:36,noche,6.5705,17.39,1357,6.5,Crema,4.999089363269016
2024-10-10,04:28,noche,7.1696,15.95,1550,6.5,Crema,5.125773616167746
2024-10-10,05:51,noche,6.0081,14.36,1736,6.5,Crema,5.0122744037821345
2024-10-10,06:38,noche,6.7486,14.31,1766,6.5,Crema,4.985166552021329
