Fecha,Turno,Peso (g)
2024-06-03,mañana,38.4571
2024-06-03,mañana,36.44
2024-06-03,mañana,39.1257
2024-06-03,mañana,39.4108
2024-06-03,mañana,35.0734
2024-06-03,mañana,36.0467
2024-06-03,mañana,38.1918
2024-06-03,mañana,37.5256
2024-06-03,mañana,37.9748
2024-06-03,mañana,36.7204
2024-06-03,mañana,39.3191
2024-06-03,mañana,39.1667
2024-06-03,mañana,38.099
2024-06-03,mañana,39.6909
2024-06-03,mañana,38.7013
2024-06-03,mañana,36.7111
2024-06-03,mañana,38.5531
2024-06-03,mañana,36.5617
2024-06-03,mañana,39.3177
2024-06-03,mañana,37.9251
2024-06-03,tarde,38.4227
2024-06-03,tarde,37.6786
2024-06-03,tarde,40.5338
2024-06-03,tarde,38.4682
2024-06-03,tarde,38.0575
2024-06-03,tarde,38.1718
2024-06-03,tarde,39.4985
2024-06-03,tarde,39.2482
2024-06-03,tarde,39.3191
2024-06-03,tarde,39.3462
2024-06-03,tarde,41.9125
2024-06-03,tarde,38.0904
2024-06-03,tarde,37.9316
2024-06-03,tarde,37.4793
2024-06-03,tarde,39.624
2024-06-03,tarde,40.3935
2024-06-03,tarde,38.5291
2024-06-03,tarde,37.4398
2024-06-03,tarde,37.4633
2024-06-03,tarde,39.6759
2024-06-03,noche,38.6149
2024-06-03,noche,38.3147
2024-06-03,noche,36.5017
2024-06-03,noche,37.8482
2024-06-03,noche,37.675
2024-06-03,noche,37.828
2024-06-03,noche,38.8071
2024-06-03,noche,37.8354
2024-06-03,noche,38.5184
2024-06-03,noche,37.6014
2024-06-03,noche,37.9337
2024-06-03,noche,38.4469
2024-06-03,noche,35.3143
2024-06-03,noche,37.0205
2024-06-03,noche,36.7944
2024-06-03,noche,36.5417
2024-06-03,noche,37.0873
2024-06-03,noche,39.7424
2024-06-03,noche,36.2013
2024-06-03,noche,38.9524
2024-06-04,mañana,35.4757
2024-06-04,mañana,37.4977
2024-06-04,mañana,38.2441
2024-06-04,mañana,38.8793
2024-06-04,mañana,39.0668
2024-06-04,mañana,39.19
2024-06-04,mañana,37.4769
2024-06-04,mañana,37.3065
2024-06-04,mañana,39.287
2024-06-04,mañana,37.713
2024-06-04,mañana,36.0865
2024-06-04,mañana,36.3001
2024-06-04,mañana,36.6208
2024-06-04,mañana,38.7457
2024-06-04,mañana,38.2136
2024-06-04,mañana,39.0357
2024-06-04,mañana,37.3591
2024-06-04,mañana,38.2378
2024-06-04,mañana,38.9384
2024-06-04,mañana,37.536
2024-06-04,tarde,39.3852
2024-06-04,tarde,37.7071
2024-06-04,tarde,38.1554
2024-06-04,tarde,38.1274
2024-06-04,tarde,36.9062
2024-06-04,tarde,39.4305
2024-06-04,tarde,37.9959
2024-06-04,tarde,38.7187
2024-06-04,tarde,39.4211
2024-06-04,tarde,39.3698
2024-06-04,tarde,39.6981
2024-06-04,tarde,38.5523
2024-06-04,tarde,38.0651
2024-06-04,tarde,38.5804
2024-06-04,tarde,36.169
2024-06-04,tarde,36.5293
2024-06-04,tarde,36.716
2024-06-04,tarde,37.2041
2024-06-04,tarde,39.2997
2024-06-04,tarde,37.3418
2024-06-04,noche,36.9328
2024-06-04,noche,39.4488
2024-06-04,noche,36.9656
2024-06-04,noche,38.6063
2024-06-04,noche,36.0996
2024-06-04,noche,37.1918
2024-06-04,noche,36.075
2024-06-04,noche,36.9915
2024-06-04,noche,38.7605
2024-06-04,noche,34.909
2024-06-04,noche,38.1516
2024-06-04,noche,37.8566
2024-06-04,noche,36.6088
2024-06-04,noche,35.3309
2024-06-04,noche,37.6082
2024-06-04,noche,36.7058
2024-06-04,noche,37.849
2024-06-04,noche,37.5328
2024-06-04,noche,39.9027
2024-06-04,noche,37.141
2024-06-05,mañana,36.4648
2024-06-05,mañana,38.2689
2024-06-05,mañana,38.33
2024-06-05,mañana,40.0388
2024-06-05,mañana,39.2527
2024-06-05,mañana,38.5353
2024-06-05,mañana,40.195
2024-06-05,mañana,36.2169
2024-06-05,mañana,37.0404
2024-06-05,mañana,36.6101
2024-06-05,mañana,37.4153
2024-06-05,mañana,35.935
2024-06-05,mañana,38.9527
2024-06-05,mañana,37.6667
2024-06-05,mañana,35.7938
2024-06-05,mañana,36.4766
2024-06-05,mañana,38.4703
2024-06-05,mañana,39.2572
2024-06-05,mañana,40.9951
2024-06-05,mañana,42.3708
2024-06-05,tarde,39.3216
2024-06-05,tarde,37.2157
2024-06-05,tarde,35.5019
2024-06-05,tarde,39.1016
2024-06-05,tarde,37.4806
2024-06-05,tarde,38.077
2024-06-05,tarde,37.7819
2024-06-05,tarde,38.4888
2024-06-05,tarde,40.299
2024-06-05,tarde,38.9356
2024-06-05,tarde,38.462
2024-06-05,tarde,37.1465
2024-06-05,tarde,36.188
2024-06-05,tarde,37.9705
2024-06-05,tarde,38.6193
2024-06-05,tarde,41.3519
2024-06-05,tarde,38.8954
2024-06-05,tarde,40.1741
2024-06-05,tarde,37.9511
2024-06-05,tarde,36.9226
2024-06-05,noche,36.0523
2024-06-05,noche,36.4122
2024-06-05,noche,40.6927
2024-06-05,noche,36.2679
2024-06-05,noche,38.7577
2024-06-05,noche,36.1456
2024-06-05,noche,38.8974
2024-06-05,noche,38.0774
2024-06-05,noche,37.265
2024-06-05,noche,37.4389
2024-06-05,noche,36.5178
2024-06-05,noche,38.1691
2024-06-05,noche,36.8175
2024-06-05,noche,35.6616
2024-06-05,noche,35.5831
2024-06-05,noche,37.7589
2024-06-05,noche,39.8686
2024-06-05,noche,37.74
2024-06-05,noche,37.322
2024-06-05,noche,37.9287
2024-06-06,mañana,39.959
2024-06-06,mañana,38.3291
2024-06-06,mañana,37.3836
2024-06-06,mañana,39.6594
2024-06-06,mañana,38.6431
2024-06-06,mañana,40.3036
2024-06-06,mañana,38.2749
2024-06-06,mañana,36.1633
2024-06-06,mañana,35.9478
2024-06-06,mañana,40.4764
2024-06-06,mañana,40.5855
2024-06-06,mañana,37.7307
2024-06-06,mañana,37.4252
2024-06-06,mañana,40.1922
2024-06-06,mañana,36.3394
2024-06-06,mañana,36.6579
2024-06-06,mañana,38.965
2024-06-06,mañana,37.4081
2024-06-06,mañana,37.9923
2024-06-06,mañana,37.7548
2024-06-06,tarde,39.2064
2024-06-06,tarde,40.8112
2024-06-06,tarde,38.8359
2024-06-06,tarde,39.6659
2024-06-06,tarde,35.6247
2024-06-06,tarde,38.6269
2024-06-06,tarde,37.4352
2024-06-06,tarde,36.8718
2024-06-06,tarde,37.3828
2024-06-06,tarde,38.1988
2024-06-06,tarde,40.0739
2024-06-06,tarde,36.7104
2024-06-06,tarde,38.7459
2024-06-06,tarde,37.9737
2024-06-06,tarde,38.2085
2024-06-06,tarde,40.2041
2024-06-06,tarde,39.5072
2024-06-06,tarde,40.7061
2024-06-06,tarde,38.4682
2024-06-06,tarde,37.6561
2024-06-06,noche,37.1642
2024-06-06,noche,37.8637
2024-06-06,noche,37.7649
2024-06-06,noche,35.8734
2024-06-06,noche,37.6357
2024-06-06,noche,37.8423
2024-06-06,noche,41.2762
2024-06-06,noche,40.3153
2024-06-06,noche,36.2201
2024-06-06,noche,37.0689
2024-06-06,noche,35.3048
2024-06-06,noche,36.6139
2024-06-06,noche,37.9734
2024-06-06,noche,39.3088
2024-06-06,noche,36.4064
2024-06-06,noche,36.5188
2024-06-06,noche,34.2791
2024-06-06,noche,37.256
2024-06-06,noche,35.9064
2024-06-06,noche,36.7058
2024-06-07,mañana,36.6847
2024-06-07,mañana,37.8586
2024-06-07,mañana,35.3634
2024-06-07,mañana,35.7994
2024-06-07,mañana,41.1939
2024-06-07,mañana,36.0689
2024-06-07,mañana,36.3548
2024-06-07,mañana,40.7554
2024-06-07,mañana,42.3576
2024-06-07,mañana,36.2427
2024-06-07,mañana,37.4476
2024-06-07,mañana,38.5123
2024-06-07,mañana,40.593
2024-06-07,mañana,36.5197
2024-06-07,mañana,37.6321
2024-06-07,mañana,39.166
2024-06-07,mañana,38.6521
2024-06-07,mañana,37.4358
2024-06-07,mañana,37.7993
2024-06-07,mañana,35.9377
2024-06-07,tarde,38.3427
2024-06-07,tarde,38.3004
2024-06-07,tarde,39.0483
2024-06-07,tarde,37.867
2024-06-07,tarde,39.4073
2024-06-07,tarde,40.2191
2024-06-07,tarde,38.9331
2024-06-07,tarde,39.2276
2024-06-07,tarde,38.7797
2024-06-07,tarde,38.7001
2024-06-07,tarde,37.6177
2024-06-07,tarde,39.1747
2024-06-07,tarde,38.5541
2024-06-07,tarde,41.8398
2024-06-07,tarde,41.06
2024-06-07,tarde,39.2788
2024-06-07,tarde,37.5554
2024-06-07,tarde,37.0314
2024-06-07,tarde,40.4867
2024-06-07,tarde,39.0941
2024-06-07,noche,38.2202
2024-06-07,noche,34.8831
2024-06-07,noche,38.8912
2024-06-07,noche,38.1816
2024-06-07,noche,35.8344
2024-06-07,noche,36.7927
2024-06-07,noche,37.8956
2024-06-07,noche,37.5787
2024-06-07,noche,37.0617
2024-06-07,noche,37.3448
2024-06-07,noche,37.122
2024-06-07,noche,37.7288
2024-06-07,noche,39.7072
2024-06-07,noche,33.65
2024-06-07,noche,37.1447
2024-06-07,noche,37.7648
2024-06-07,noche,37.944
2024-06-07,noche,36.9421
2024-06-07,noche,34.8649
2024-06-07,noche,37.992
2024-06-10,mañana,40.591
2024-06-10,mañana,35.6992
2024-06-10,mañana,39.2957
2024-06-10,mañana,37.5072
2024-06-10,mañana,37.908
2024-06-10,mañana,36.4207
2024-06-10,mañana,37.4983
2024-06-10,mañana,39.9501
2024-06-10,mañana,38.874
2024-06-10,mañana,40.5985
2024-06-10,mañana,39.7661
2024-06-10,mañana,38.6586
2024-06-10,mañana,40.6159
2024-06-10,mañana,38.6585
2024-06-10,mañana,39.242
2024-06-10,mañana,37.5551
2024-06-10,mañana,38.0998
2024-06-10,mañana,36.9539
2024-06-10,mañana,39.4844
2024-06-10,mañana,36.2325
2024-06-10,tarde,39.8735
2024-06-10,tarde,38.414
2024-06-10,tarde,40.4569
2024-06-10,tarde,39.8263
2024-06-10,tarde,41.431
2024-06-10,tarde,39.7962
2024-06-10,tarde,36.3419
2024-06-10,tarde,38.5996
2024-06-10,tarde,36.942
2024-06-10,tarde,37.9226
2024-06-10,tarde,40.9668
2024-06-10,tarde,39.6563
2024-06-10,tarde,37.6516
2024-06-10,tarde,37.1794
2024-06-10,tarde,38.7492
2024-06-10,tarde,36.8752
2024-06-10,tarde,37.6933
2024-06-10,tarde,39.168
2024-06-10,tarde,40.433
2024-06-10,tarde,39.6131
2024-06-10,noche,34.0631
2024-06-10,noche,37.9566
2024-06-10,noche,37.6081
2024-06-10,noche,38.1208
2024-06-10,noche,39.9243
2024-06-10,noche,34.4051
2024-06-10,noche,36.6133
2024-06-10,noche,38.3864
2024-06-10,noche,35.1276
2024-06-10,noche,39.7139
2024-06-10,noche,38.0525
2024-06-10,noche,38.7699
2024-06-10,noche,36.6436
2024-06-10,noche,38.7206
2024-06-10,noche,39.1027
2024-06-10,noche,37.8493
2024-06-10,noche,37.8516
2024-06-10,noche,37.9055
2024-06-10,noche,36.205
2024-06-10,noche,37.2787
2024-06-11,mañana,37.7712
2024-06-11,mañana,38.5751
2024-06-11,mañana,39.4997
2024-06-11,mañana,36.4122
2024-06-11,mañana,37.8125
2024-06-11,mañana,40.2222
2024-06-11,mañana,36.8846
2024-06-11,mañana,36.7666
2024-06-11,mañana,38.3035
2024-06-11,mañana,39.2666
2024-06-11,mañana,38.0171
2024-06-11,mañana,39.9934
2024-06-11,mañana,39.2852
2024-06-11,mañana,39.2627
2024-06-11,mañana,38.8312
2024-06-11,mañana,41.4915
2024-06-11,mañana,37.6923
2024-06-11,mañana,34.9947
2024-06-11,mañana,40.4064
2024-06-11,mañana,37.3135
2024-06-11,tarde,38.8618
2024-06-11,tarde,40.6643
2024-06-11,tarde,36.2966
2024-06-11,tarde,36.8225
2024-06-11,tarde,36.2981
2024-06-11,tarde,37.5088
2024-06-11,tarde,39.3595
2024-06-11,tarde,39.4863
2024-06-11,tarde,39.1144
2024-06-11,tarde,36.5809
2024-06-11,tarde,35.2348
2024-06-11,tarde,38.7815
2024-06-11,tarde,37.9923
2024-06-11,tarde,39.3891
2024-06-11,tarde,39.7529
2024-06-11,tarde,38.9074
2024-06-11,tarde,39.8402
2024-06-11,tarde,39.0438
2024-06-11,tarde,39.4951
2024-06-11,tarde,37.643
2024-06-11,noche,37.2306
2024-06-11,noche,37.7952
2024-06-11,noche,38.7308
2024-06-11,noche,36.9094
2024-06-11,noche,38.2818
2024-06-11,noche,37.1012
2024-06-11,noche,37.3237
2024-06-11,noche,38.7443
2024-06-11,noche,34.5104
2024-06-11,noche,35.5553
2024-06-11,noche,35.2767
2024-06-11,noche,33.9996
2024-06-11,noche,36.4826
2024-06-11,noche,38.6242
2024-06-11,noche,37.0727
2024-06-11,noche,37.7967
2024-06-11,noche,39.1338
2024-06-11,noche,39.4915
2024-06-11,noche,37.3963
2024-06-11,noche,39.5304
2024-06-12,mañana,38.1382
2024-06-12,mañana,36.7439
2024-06-12,mañana,37.1084
2024-06-12,mañana,35.7792
2024-06-12,mañana,36.6678
2024-06-12,mañana,37.463
2024-06-12,mañana,39.2054
2024-06-12,mañana,40.5812
2024-06-12,mañana,35.9267
2024-06-12,mañana,38.5892
2024-06-12,mañana,36.4392
2024-06-12,mañana,38.712
2024-06-12,mañana,37.8034
2024-06-12,mañana,35.2536
2024-06-12,mañana,39.3924
2024-06-12,mañana,37.0925
2024-06-12,mañana,37.1991
2024-06-12,mañana,36.3954
2024-06-12,mañana,37.0186
2024-06-12,mañana,38.6418
2024-06-12,tarde,38.4161
2024-06-12,tarde,39.193
2024-06-12,tarde,39.2429
2024-06-12,tarde,40.681
2024-06-12,tarde,38.1858
2024-06-12,tarde,36.4847
2024-06-12,tarde,40.3008
2024-06-12,tarde,38.2028
2024-06-12,tarde,40.3719
2024-06-12,tarde,39.2751
2024-06-12,tarde,38.5033
2024-06-12,tarde,39.2232
2024-06-12,tarde,41.6265
2024-06-12,tarde,41.8155
2024-06-12,tarde,38.8041
2024-06-12,tarde,38.9403
2024-06-12,tarde,40.3144
2024-06-12,tarde,37.4315
2024-06-12,tarde,39.1996
2024-06-12,tarde,38.6612
2024-06-12,noche,37.9709
2024-06-12,noche,36.2499
2024-06-12,noche,35.1156
2024-06-12,noche,34.3905
2024-06-12,noche,35.8239
2024-06-12,noche,36.812
2024-06-12,noche,37.0602
2024-06-12,noche,40.4058
2024-06-12,noche,39.159
2024-06-12,noche,36.0569
2024-06-12,noche,38.0216
2024-06-12,noche,36.8894
2024-06-12,noche,37.0735
2024-06-12,noche,37.778
2024-06-12,noche,38.4288
2024-06-12,noche,36.9911
2024-06-12,noche,39.0958
2024-06-12,noche,35.7871
2024-06-12,noche,37.5095
2024-06-12,noche,41.3965
2024-06-13,mañana,38.3346
2024-06-13,mañana,40.1498
2024-06-13,mañana,38.1373
2024-06-13,mañana,38.8712
2024-06-13,mañana,37.9148
2024-06-13,mañana,37.7444
2024-06-13,mañana,36.8308
2024-06-13,mañana,38.6455
2024-06-13,mañana,36.7227
2024-06-13,mañana,38.9984
2024-06-13,mañana,39.6279
2024-06-13,mañana,38.5498
2024-06-13,mañana,37.5706
2024-06-13,mañana,38.6809
2024-06-13,mañana,37.537
2024-06-13,mañana,39.4033
2024-06-13,mañana,35.2529
2024-06-13,mañana,37.4966
2024-06-13,mañana,35.0138
2024-06-13,mañana,35.7574
2024-06-13,tarde,40.7458
2024-06-13,tarde,40.0428
2024-06-13,tarde,37.6208
2024-06-13,tarde,36.4462
2024-06-13,tarde,34.2532
2024-06-13,tarde,37.8848
2024-06-13,tarde,42.3306
2024-06-13,tarde,39.3523
2024-06-13,tarde,37.8606
2024-06-13,tarde,39.3976
2024-06-13,tarde,36.3586
2024-06-13,tarde,38.254
2024-06-13,tarde,38.8492
2024-06-13,tarde,38.5708
2024-06-13,tarde,39.8862
2024-06-13,tarde,39.217
2024-06-13,tarde,39.7025
2024-06-13,tarde,37.6674
2024-06-13,tarde,40.0467
2024-06-13,tarde,41.1434
2024-06-13,noche,36.0448
2024-06-13,noche,36.1685
2024-06-13,noche,39.5037
2024-06-13,noche,37.213
2024-06-13,noche,39.6057
2024-06-13,noche,36.8362
2024-06-13,noche,39.6826
2024-06-13,noche,37.6972
2024-06-13,noche,37.8873
2024-06-13,noche,39.8471
2024-06-13,noche,36.9573
2024-06-13,noche,36.0883
2024-06-13,noche,36.8272
2024-06-13,noche,38.1785
2024-06-13,noche,35.1514
2024-06-13,noche,38.4562
2024-06-13,noche,36.6918
2024-06-13,noche,39.2217
2024-06-13,noche,33.9086
2024-06-13,noche,36.3202
2024-06-14,mañana,35.4703
2024-06-14,mañana,36.7607
2024-06-14,mañana,38.3715
2024-06-14,mañana,37.7312
2024-06-14,mañana,37.6199
2024-06-14,mañana,37.7612
2024-06-14,mañana,38.3051
2024-06-14,mañana,36.4872
2024-06-14,mañana,39.0603
2024-06-14,mañana,38.994
2024-06-14,mañana,38.5776
2024-06-14,mañana,38.8348
2024-06-14,mañana,38.4446
2024-06-14,mañana,41.0526
2024-06-14,mañana,37.8694
2024-06-14,mañana,37.5394
2024-06-14,mañana,36.8697
2024-06-14,mañana,36.4516
2024-06-14,mañana,36.1333
2024-06-14,mañana,36.6668
2024-06-14,tarde,38.594
2024-06-14,tarde,39.2014
2024-06-14,tarde,38.7767
2024-06-14,tarde,37.5517
2024-06-14,tarde,40.0503
2024-06-14,tarde,39.8091
2024-06-14,tarde,38.4605
2024-06-14,tarde,37.7206
2024-06-14,tarde,39.5226
2024-06-14,tarde,38.982
2024-06-14,tarde,36.5278
2024-06-14,tarde,38.598
2024-06-14,tarde,39.0931
2024-06-14,tarde,37.3505
2024-06-14,tarde,38.9848
2024-06-14,tarde,36.5178
2024-06-14,tarde,40.7043
2024-06-14,tarde,40.5719
2024-06-14,tarde,38.3212
2024-06-14,tarde,39.2452
2024-06-14,noche,33.8851
2024-06-14,noche,35.7655
2024-06-14,noche,37.0593
2024-06-14,noche,35.8918
2024-06-14,noche,38.5716
2024-06-14,noche,40.4959
2024-06-14,noche,35.7351
2024-06-14,noche,36.2438
2024-06-14,noche,37.8532
2024-06-14,noche,39.9167
2024-06-14,noche,35.6664
2024-06-14,noche,37.8736
2024-06-14,noche,40.2319
2024-06-14,noche,35.0224
2024-06-14,noche,35.5784
2024-06-14,noche,36.8646
2024-06-14,noche,36.7191
2024-06-14,noche,38.7189
2024-06-14,noche,37.8625
2024-06-14,noche,34.8376
2024-06-17,mañana,38.7731
2024-06-17,mañana,37.1337
2024-06-17,mañana,39.9117
2024-06-17,mañana,37.0586
2024-06-17,mañana,37.0451
2024-06-17,mañana,38.8117
2024-06-17,mañana,39.1444
2024-06-17,mañana,38.6721
2024-06-17,mañana,35.4716
2024-06-17,mañana,38.8071
2024-06-17,mañana,36.4485
2024-06-17,mañana,38.3529
2024-06-17,mañana,35.8644
2024-06-17,mañana,38.6695
2024-06-17,mañana,36.7901
2024-06-17,mañana,36.076
2024-06-17,mañana,39.0707
2024-06-17,mañana,38.3625
2024-06-17,mañana,37.079
2024-06-17,mañana,40.1768
2024-06-17,tarde,38.039
2024-06-17,tarde,38.7482
2024-06-17,tarde,39.1034
2024-06-17,tarde,37.7705
2024-06-17,tarde,39.4067
2024-06-17,tarde,37.8998
2024-06-17,tarde,38.0825
2024-06-17,tarde,40.744
2024-06-17,tarde,37.1391
2024-06-17,tarde,35.0808
2024-06-17,tarde,41.1164
2024-06-17,tarde,42.524
2024-06-17,tarde,38.0921
2024-06-17,tarde,35.7947
2024-06-17,tarde,38.2343
2024-06-17,tarde,38.2707
2024-06-17,tarde,38.4151
2024-06-17,tarde,37.0299
2024-06-17,tarde,39.5693
2024-06-17,tarde,39.4868
2024-06-17,noche,35.2584
2024-06-17,noche,38.5488
2024-06-17,noche,40.579
2024-06-17,noche,37.7579
2024-06-17,noche,36.994
2024-06-17,noche,37.287
2024-06-17,noche,38.4229
2024-06-17,noche,34.904
2024-06-17,noche,37.7466
2024-06-17,noche,36.9143
2024-06-17,noche,40.2717
2024-06-17,noche,37.2387
2024-06-17,noche,40.0018
2024-06-17,noche,35.8444
2024-06-17,noche,38.3809
2024-06-17,noche,37.9791
2024-06-17,noche,36.1964
2024-06-17,noche,37.7661
2024-06-17,noche,39.3188
2024-06-17,noche,37.0143
2024-06-18,mañana,35.4621
2024-06-18,mañana,37.9737
2024-06-18,mañana,36.6464
2024-06-18,mañana,37.4865
2024-06-18,mañana,37.8776
2024-06-18,mañana,35.4415
2024-06-18,mañana,35.5765
2024-06-18,mañana,38.7231
2024-06-18,mañana,37.2159
2024-06-18,mañana,34.1529
2024-06-18,mañana,39.1773
2024-06-18,mañana,38.4086
2024-06-18,mañana,36.9292
2024-06-18,mañana,36.0248
2024-06-18,mañana,39.2537
2024-06-18,mañana,38.524
2024-06-18,mañana,41.5739
2024-06-18,mañana,38.6303
2024-06-18,mañana,38.5816
2024-06-18,mañana,37.7496
2024-06-18,tarde,39.9252
2024-06-18,tarde,39.6376
2024-06-18,tarde,40.5776
2024-06-18,tarde,37.918
2024-06-18,tarde,38.0469
2024-06-18,tarde,37.9813
2024-06-18,tarde,39.8862
2024-06-18,tarde,40.9476
2024-06-18,tarde,38.0117
2024-06-18,tarde,38.0628
2024-06-18,tarde,39.1711
2024-06-18,tarde,38.3314
2024-06-18,tarde,40.1281
2024-06-18,tarde,35.3223
2024-06-18,tarde,37.4599
2024-06-18,tarde,37.5264
2024-06-18,tarde,35.2195
2024-06-18,tarde,37.2545
2024-06-18,tarde,37.3273
2024-06-18,tarde,38.3983
2024-06-18,noche,39.1694
2024-06-18,noche,37.1324
2024-06-18,noche,35.9538
2024-06-18,noche,37.4146
2024-06-18,noche,39.0738
2024-06-18,noche,36.0361
2024-06-18,noche,36.1341
2024-06-18,noche,38.3378
2024-06-18,noche,37.1677
2024-06-18,noche,38.4712
2024-06-18,noche,37.4795
2024-06-18,noche,38.5525
2024-06-18,noche,35.9474
2024-06-18,noche,37.4819
2024-06-18,noche,37.184
2024-06-18,noche,35.6762
2024-06-18,noche,35.1548
2024-06-18,noche,38.5286
2024-06-18,noche,36.9736
2024-06-18,noche,35.9666
2024-06-19,mañana,37.8557
2024-06-19,mañana,39.692
2024-06-19,mañana,34.5789
2024-06-19,mañana,35.755
2024-06-19,mañana,36.6157
2024-06-19,mañana,40.1918
2024-06-19,mañana,38.4239
2024-06-19,mañana,39.151
2024-06-19,mañana,36.2898
2024-06-19,mañana,36.3207
2024-06-19,mañana,38.6717
2024-06-19,mañana,38.0874
2024-06-19,mañana,38.8231
2024-06-19,mañana,37.7185
2024-06-19,mañana,38.4172
2024-06-19,mañana,38.2372
2024-06-19,mañana,39.1667
2024-06-19,mañana,39.2105
2024-06-19,mañana,35.5702
2024-06-19,mañana,34.6291
2024-06-19,tarde,40.2026
2024-06-19,tarde,40.4816
2024-06-19,tarde,37.1691
2024-06-19,tarde,35.9102
2024-06-19,tarde,38.8486
2024-06-19,tarde,40.0963
2024-06-19,tarde,41.3964
2024-06-19,tarde,39.4744
2024-06-19,tarde,38.1424
2024-06-19,tarde,37.3603
2024-06-19,tarde,38.7172
2024-06-19,tarde,38.2511
2024-06-19,tarde,37.1774
2024-06-19,tarde,41.7731
2024-06-19,tarde,41.3778
2024-06-19,tarde,40.4041
2024-06-19,tarde,37.3187
2024-06-19,tarde,39.9825
2024-06-19,tarde,39.6594
2024-06-19,tarde,39.3638
2024-06-19,noche,39.3745
2024-06-19,noche,38.4531
2024-06-19,noche,38.61
2024-06-19,noche,38.4554
2024-06-19,noche,38.0112
2024-06-19,noche,34.8246
2024-06-19,noche,37.6254
2024-06-19,noche,36.6657
2024-06-19,noche,35.5802
2024-06-19,noche,40.0227
2024-06-19,noche,40.0935
2024-06-19,noche,39.5388
2024-06-19,noche,37.8828
2024-06-19,noche,39.5259
2024-06-19,noche,37.5181
2024-06-19,noche,37.8042
2024-06-19,noche,35.8598
2024-06-19,noche,38.0955
2024-06-19,noche,37.5906
2024-06-19,noche,35.546
2024-06-20,mañana,37.9232
2024-06-20,mañana,37.8804
2024-06-20,mañana,40.6963
2024-06-20,mañana,39.3413
2024-06-20,mañana,38.0172
2024-06-20,mañana,38.3732
2024-06-20,mañana,38.0663
2024-06-20,mañana,37.6956
2024-06-20,mañana,36.3764
2024-06-20,mañana,37.7734
2024-06-20,mañana,36.8809
2024-06-20,mañana,36.1245
2024-06-20,mañana,38.7668
2024-06-20,mañana,38.5869
2024-06-20,mañana,35.3199
2024-06-20,mañana,37.816
2024-06-20,mañana,39.4936
2024-06-20,mañana,39.5888
2024-06-20,mañana,39.5388
2024-06-20,mañana,38.0584
2024-06-20,tarde,37.4324
2024-06-20,tarde,37.0745
2024-06-20,tarde,39.2169
2024-06-20,tarde,39.2689
2024-06-20,tarde,40.631
2024-06-20,tarde,40.35
2024-06-20,tarde,38.5017
2024-06-20,tarde,36.8337
2024-06-20,tarde,38.2213
2024-06-20,tarde,39.0258
2024-06-20,tarde,38.3969
2024-06-20,tarde,37.8332
2024-06-20,tarde,39.0793
2024-06-20,tarde,37.9441
2024-06-20,tarde,37.7579
2024-06-20,tarde,39.1672
2024-06-20,tarde,38.097
2024-06-20,tarde,39.0662
2024-06-20,tarde,39.1098
2024-06-20,tarde,36.9909
2024-06-20,noche,36.7781
2024-06-20,noche,39.6567
2024-06-20,noche,35.7569
2024-06-20,noche,34.325
2024-06-20,noche,34.7072
2024-06-20,noche,37.5437
2024-06-20,noche,37.5464
2024-06-20,noche,37.3236
2024-06-20,noche,39.3213
2024-06-20,noche,33.4907
2024-06-20,noche,38.0939
2024-06-20,noche,39.8422
2024-06-20,noche,35.8083
2024-06-20,noche,36.9303
2024-06-20,noche,36.3707
2024-06-20,noche,36.1585
2024-06-20,noche,37.0106
2024-06-20,noche,39.6412
2024-06-20,noche,40.2561
2024-06-20,noche,36.9961
2024-06-21,mañana,40.8576
2024-06-21,mañana,38.0534
2024-06-21,mañana,40.6305
2024-06-21,mañana,37.8601
2024-06-21,mañana,38.1966
2024-06-21,mañana,38.5482
2024-06-21,mañana,42.7683
2024-06-21,mañana,39.2769
2024-06-21,mañana,36.9391
2024-06-21,mañana,39.4535
2024-06-21,mañana,37.4573
2024-06-21,mañana,37.2654
2024-06-21,mañana,39.3629
2024-06-21,mañana,38.0466
2024-06-21,mañana,38.4179
2024-06-21,mañana,38.021
2024-06-21,mañana,38.5049
2024-06-21,mañana,38.6374
2024-06-21,mañana,35.0945
2024-06-21,mañana,38.9999
2024-06-21,tarde,37.227
2024-06-21,tarde,36.5366
2024-06-21,tarde,38.6124
2024-06-21,tarde,38.826
2024-06-21,tarde,37.6597
2024-06-21,tarde,39.9465
2024-06-21,tarde,36.6867
2024-06-21,tarde,38.0896
2024-06-21,tarde,37.8227
2024-06-21,tarde,38.6301
2024-06-21,tarde,39.1183
2024-06-21,tarde,37.1882
2024-06-21,tarde,39.7864
2024-06-21,tarde,38.7945
2024-06-21,tarde,35.8621
2024-06-21,tarde,35.7621
2024-06-21,tarde,38.6815
2024-06-21,tarde,38.3685
2024-06-21,tarde,38.5449
2024-06-21,tarde,38.658
2024-06-21,noche,37.8383
2024-06-21,noche,38.9215
2024-06-21,noche,35.8333
2024-06-21,noche,35.742
2024-06-21,noche,35.86
2024-06-21,noche,37.9334
2024-06-21,noche,39.3674
2024-06-21,noche,36.853
2024-06-21,noche,33.7475
2024-06-21,noche,34.944
2024-06-21,noche,36.2504
2024-06-21,noche,36.6634
2024-06-21,noche,36.8874
2024-06-21,noche,37.5579
2024-06-21,noche,37.0324
2024-06-21,noche,39.074
2024-06-21,noche,36.486
2024-06-21,noche,36.2065
2024-06-21,noche,38.2183
2024-06-21,noche,35.1965
2024-06-24,mañana,38.5845
2024-06-24,mañana,38.1538
2024-06-24,mañana,37.7788
2024-06-24,mañana,40.3824
2024-06-24,mañana,37.0667
2024-06-24,mañana,41.0904
2024-06-24,mañana,37.6619
2024-06-24,mañana,36.0845
2024-06-24,mañana,38.1049
2024-06-24,mañana,36.3856
2024-06-24,mañana,36.8724
2024-06-24,mañana,38.5955
2024-06-24,mañana,38.8334
2024-06-24,mañana,37.0667
2024-06-24,mañana,39.4811
2024-06-24,mañana,39.7363
2024-06-24,mañana,40.1545
2024-06-24,mañana,38.7941
2024-06-24,mañana,40.0451
2024-06-24,mañana,35.1788
2024-06-24,tarde,38.2231
2024-06-24,tarde,37.3995
2024-06-24,tarde,38.8788
2024-06-24,tarde,37.8428
2024-06-24,tarde,38.4508
2024-06-24,tarde,41.5233
2024-06-24,tarde,38.4454
2024-06-24,tarde,39.3207
2024-06-24,tarde,38.3516
2024-06-24,tarde,38.8136
2024-06-24,tarde,38.709
2024-06-24,tarde,39.3725
2024-06-24,tarde,40.448
2024-06-24,tarde,41.1711
2024-06-24,tarde,39.1644
2024-06-24,tarde,39.5843
2024-06-24,tarde,36.9737
2024-06-24,tarde,38.5682
2024-06-24,tarde,40.1104
2024-06-24,tarde,39.999
2024-06-24,noche,37.8174
2024-06-24,noche,38.8296
2024-06-24,noche,38.2362
2024-06-24,noche,39.3005
2024-06-24,noche,37.934
2024-06-24,noche,36.9665
2024-06-24,noche,38.0038
2024-06-24,noche,33.1041
2024-06-24,noche,38.0743
2024-06-24,noche,32.0274
2024-06-24,noche,34.9148
2024-06-24,noche,38.1777
2024-06-24,noche,38.2163
2024-06-24,noche,35.7564
2024-06-24,noche,36.4318
2024-06-24,noche,39.5558
2024-06-24,noche,36.774
2024-06-24,noche,40.8644
2024-06-24,noche,37.4971
2024-06-24,noche,38.1121
2024-06-25,mañana,40.4253
2024-06-25,mañana,38.1965
2024-06-25,mañana,36.4965
2024-06-25,mañana,37.8354
2024-06-25,mañana,37.9466
2024-06-25,mañana,35.9529
2024-06-25,mañana,37.6163
2024-06-25,mañana,36.8867
2024-06-25,mañana,39.3865
2024-06-25,mañana,38.0519
2024-06-25,mañana,37.5758
2024-06-25,mañana,37.8407
2024-06-25,mañana,38.3347
2024-06-25,mañana,38.9252
2024-06-25,mañana,36.5004
2024-06-25,mañana,36.4376
2024-06-25,mañana,39.657
2024-06-25,mañana,37.3815
2024-06-25,mañana,35.8747
2024-06-25,mañana,38.6657
2024-06-25,tarde,39.3951
2024-06-25,tarde,36.4039
2024-06-25,tarde,39.0442
2024-06-25,tarde,39.8034
2024-06-25,tarde,39.2616
2024-06-25,tarde,39.648
2024-06-25,tarde,36.5936
2024-06-25,tarde,39.1966
2024-06-25,tarde,38.2461
2024-06-25,tarde,37.9758
2024-06-25,tarde,40.0058
2024-06-25,tarde,40.9189
2024-06-25,tarde,41.3916
2024-06-25,tarde,40.6722
2024-06-25,tarde,38.5354
2024-06-25,tarde,39.2291
2024-06-25,tarde,39.8502
2024-06-25,tarde,38.8818
2024-06-25,tarde,38.8961
2024-06-25,tarde,39.9356
2024-06-25,noche,37.4111
2024-06-25,noche,36.4061
2024-06-25,noche,36.8783
2024-06-25,noche,38.4509
2024-06-25,noche,37.5045
2024-06-25,noche,38.0103
2024-06-25,noche,38.5051
2024-06-25,noche,36.9377
2024-06-25,noche,38.6344
2024-06-25,noche,38.0683
2024-06-25,noche,35.6478
2024-06-25,noche,39.6635
2024-06-25,noche,36.7489
2024-06-25,noche,35.0174
2024-06-25,noche,35.9324
2024-06-25,noche,35.9684
2024-06-25,noche,37.5783
2024-06-25,noche,37.0892
2024-06-25,noche,36.9948
2024-06-25,noche,38.4296
2024-06-26,mañana,38.5098
2024-06-26,mañana,38.4741
2024-06-26,mañana,38.6147
2024-06-26,mañana,38.9242
2024-06-26,mañana,34.8381
2024-06-26,mañana,37.4533
2024-06-26,mañana,34.7297
2024-06-26,mañana,38.0541
2024-06-26,mañana,37.9931
2024-06-26,mañana,39.5683
2024-06-26,mañana,39.7815
2024-06-26,mañana,38.3042
2024-06-26,mañana,37.2495
2024-06-26,mañana,38.7277
2024-06-26,mañana,37.2081
2024-06-26,mañana,37.9979
2024-06-26,mañana,39.4792
2024-06-26,mañana,37.1633
2024-06-26,mañana,39.2085
2024-06-26,mañana,39.0161
2024-06-26,tarde,37.2678
2024-06-26,tarde,40.1608
2024-06-26,tarde,39.7478
2024-06-26,tarde,38.8529
2024-06-26,tarde,37.5565
2024-06-26,tarde,37.4112
2024-06-26,tarde,37.8935
2024-06-26,tarde,39.5139
2024-06-26,tarde,37.2666
2024-06-26,tarde,39.3563
2024-06-26,tarde,36.8374
2024-06-26,tarde,38.3939
2024-06-26,tarde,38.8645
2024-06-26,tarde,42.3677
2024-06-26,tarde,36.634
2024-06-26,tarde,40.908
2024-06-26,tarde,38.9248
2024-06-26,tarde,39.3168
2024-06-26,tarde,38.8775
2024-06-26,tarde,39.3671
2024-06-26,noche,37.2695
2024-06-26,noche,39.6811
2024-06-26,noche,36.8153
2024-06-26,noche,39.1984
2024-06-26,noche,36.5334
2024-06-26,noche,37.4096
2024-06-26,noche,35.8921
2024-06-26,noche,38.1825
2024-06-26,noche,39.6677
2024-06-26,noche,37.384
2024-06-26,noche,37.2047
2024-06-26,noche,35.8281
2024-06-26,noche,37.1561
2024-06-26,noche,35.1108
2024-06-26,noche,36.1307
2024-06-26,noche,37.8402
2024-06-26,noche,39.4785
2024-06-26,noche,41.7138
2024-06-26,noche,36.6201
2024-06-26,noche,39.653
2024-06-27,mañana,38.3656
2024-06-27,mañana,37.7731
2024-06-27,mañana,38.6489
2024-06-27,mañana,38.0929
2024-06-27,mañana,38.1656
2024-06-27,mañana,37.3875
2024-06-27,mañana,35.9028
2024-06-27,mañana,35.6846
2024-06-27,mañana,38.9799
2024-06-27,mañana,37.5849
2024-06-27,mañana,37.1059
2024-06-27,mañana,38.0128
2024-06-27,mañana,39.1924
2024-06-27,mañana,38.2705
2024-06-27,mañana,37.0159
2024-06-27,mañana,39.8394
2024-06-27,mañana,40.3688
2024-06-27,mañana,38.7418
2024-06-27,mañana,39.4605
2024-06-27,mañana,39.8629
2024-06-27,tarde,40.3951
2024-06-27,tarde,39.6211
2024-06-27,tarde,39.5975
2024-06-27,tarde,39.4795
2024-06-27,tarde,37.054
2024-06-27,tarde,39.7511
2024-06-27,tarde,36.6663
2024-06-27,tarde,37.5081
2024-06-27,tarde,40.6553
2024-06-27,tarde,39.9603
2024-06-27,tarde,40.9311
2024-06-27,tarde,38.2925
2024-06-27,tarde,36.9716
2024-06-27,tarde,38.3393
2024-06-27,tarde,38.853
2024-06-27,tarde,38.8185
2024-06-27,tarde,40.4005
2024-06-27,tarde,38.1581
2024-06-27,tarde,39.2281
2024-06-27,tarde,37.2171
2024-06-27,noche,38.1755
2024-06-27,noche,37.5047
2024-06-27,noche,36.3753
2024-06-27,noche,37.1463
2024-06-27,noche,37.2237
2024-06-27,noche,37.0948
2024-06-27,noche,40.157
2024-06-27,noche,37.3523
2024-06-27,noche,37.1342
2024-06-27,noche,34.3538
2024-06-27,noche,36.1587
2024-06-27,noche,37.1054
2024-06-27,noche,36.4712
2024-06-27,noche,39.5726
2024-06-27,noche,37.2526
2024-06-27,noche,39.4327
2024-06-27,noche,37.5926
2024-06-27,noche,37.5558
2024-06-27,noche,37.3668
2024-06-27,noche,37.5057
2024-06-28,mañana,40.5782
2024-06-28,mañana,34.5206
2024-06-28,mañana,34.9977
2024-06-28,mañana,37.1852
2024-06-28,mañana,38.0218
2024-06-28,mañana,39.0352
2024-06-28,mañana,38.7096
2024-06-28,mañana,37.4236
2024-06-28,mañana,39.5286
2024-06-28,mañana,39.5453
2024-06-28,mañana,38.2761
2024-06-28,mañana,39.444
2024-06-28,mañana,38.409
2024-06-28,mañana,37.1578
2024-06-28,mañana,39.0467
2024-06-28,mañana,38.1659
2024-06-28,mañana,38.002
2024-06-28,mañana,40.2094
2024-06-28,mañana,34.3237
2024-06-28,mañana,35.8735
2024-06-28,tarde,36.9194
2024-06-28,tarde,38.1551
2024-06-28,tarde,38.3181
2024-06-28,tarde,36.439
2024-06-28,tarde,37.2223
2024-06-28,tarde,37.4087
2024-06-28,tarde,42.3861
2024-06-28,tarde,41.4026
2024-06-28,tarde,38.0824
2024-06-28,tarde,38.1546
2024-06-28,tarde,36.9762
2024-06-28,tarde,35.8378
2024-06-28,tarde,38.5247
2024-06-28,tarde,37.2032
2024-06-28,tarde,38.5727
2024-06-28,tarde,36.2997
2024-06-28,tarde,37.557
2024-06-28,tarde,38.9229
2024-06-28,tarde,39.2493
2024-06-28,tarde,39.3262
2024-06-28,noche,35.5193
2024-06-28,noche,38.782
2024-06-28,noche,36.2997
2024-06-28,noche,38.4493
2024-06-28,noche,37.484
2024-06-28,noche,35.4354
2024-06-28,noche,37.0257
2024-06-28,noche,38.048
2024-06-28,noche,38.4194
2024-06-28,noche,37.2885
2024-06-28,noche,39.7977
2024-06-28,noche,39.0113
2024-06-28,noche,37.115
2024-06-28,noche,38.6252
2024-06-28,noche,40.4007
2024-06-28,noche,40.4407
2024-06-28,noche,35.658
2024-06-28,noche,36.1102
2024-06-28,noche,39.7274
2024-06-28,noche,35.9126
2024-07-01,mañana,36.0162
2024-07-01,mañana,37.2707
2024-07-01,mañana,38.6303
2024-07-01,mañana,37.8464
2024-07-01,mañana,37.0242
2024-07-01,mañana,36.9887
2024-07-01,mañana,36.9315
2024-07-01,mañana,36.6807
2024-07-01,mañana,41.4224
2024-07-01,mañana,38.4463
2024-07-01,mañana,39.3301
2024-07-01,mañana,37.2664
2024-07-01,mañana,37.7211
2024-07-01,mañana,36.9297
2024-07-01,mañana,34.0224
2024-07-01,mañana,35.933
2024-07-01,mañana,35.2841
2024-07-01,mañana,34.6253
2024-07-01,mañana,36.207
2024-07-01,mañana,39.9874
2024-07-01,tarde,38.6333
2024-07-01,tarde,40.6358
2024-07-01,tarde,39.3165
2024-07-01,tarde,39.8738
2024-07-01,tarde,37.3487
2024-07-01,tarde,39.4859
2024-07-01,tarde,39.7931
2024-07-01,tarde,37.835
2024-07-01,tarde,39.5393
2024-07-01,tarde,39.5493
2024-07-01,tarde,37.8757
2024-07-01,tarde,37.0158
2024-07-01,tarde,36.9238
2024-07-01,tarde,38.8298
2024-07-01,tarde,39.1905
2024-07-01,tarde,37.5112
2024-07-01,tarde,38.7399
2024-07-01,tarde,39.5558
2024-07-01,tarde,39.6273
2024-07-01,tarde,41.0278
2024-07-01,noche,39.4155
2024-07-01,noche,35.9981
2024-07-01,noche,40.0254
2024-07-01,noche,36.7035
2024-07-01,noche,39.0673
2024-07-01,noche,37.602
2024-07-01,noche,36.8818
2024-07-01,noche,34.7885
2024-07-01,noche,37.2427
2024-07-01,noche,35.1609
2024-07-01,noche,38.9509
2024-07-01,noche,39.7752
2024-07-01,noche,36.3046
2024-07-01,noche,37.953
2024-07-01,noche,36.4119
2024-07-01,noche,36.5573
2024-07-01,noche,38.6617
2024-07-01,noche,37.4422
2024-07-01,noche,40.1095
2024-07-01,noche,36.7767