Fecha,Hora,Turno,Peso (g),Temperatura (°C),Viscosidad (mPa.s),Presión (bar),% Reproceso,Etapa
2025-05-08,06:05,mañana,20.6097,15.69,1978,7.5,2,Depositado
2025-05-08,07:46,mañana,20.6916,16.99,1932,8.0,5,Depositado
2025-05-08,08:24,mañana,20.373,18.27,1698,6.0,1,Depositado
2025-05-08,09:49,mañana,20.5877,19.13,1734,8.0,8,Depositado
2025-05-08,10:21,mañana,20.4442,21.58,1499,6.5,4,Depositado
2025-05-08,11:28,mañana,19.9798,22.03,1417,5.5,4,Depositado
2025-05-08,12:33,mañana,20.7292,24.47,1268,5.5,6,Depositado
2025-05-08,13:40,mañana,20.7868,25.6,1128,4.0,2,Depositado
2025-05-08,14:28,mañana,19.8795,25.42,1134,4.0,2,Depositado
2025-05-08,14:42,tarde,22.825,25.6,1325,8.0,15,Depositado
2025-05-08,15:36,tarde,21.1427,25.48,1184,5.0,7,Depositado
2025-05-08,16:01,tarde,22.3667,25.1,1269,6.5,9,Depositado
2025-05-08,17:19,tarde,21.6626,23.19,1397,6.0,8,Depositado
2025-05-08,18:10,tarde,20.4639,23.82,1242,4.5,2,Depositado
2025-05-08,19:20,tarde,22.2771,21.73,1556,8.0,12,Depositado
2025-05-08,20:07,tarde,20.6171,20.61,1503,5.5,2,Depositado
2025-05-08,21:48,tarde,22.2934,19.26,1729,8.0,9,Depositado
2025-05-08,22:34,tarde,22.0854,19.09,1655,6.0,2,Depositado
2025-05-08,22:40,noche,20.9821,18.6,1766,7.5,7,Depositado
2025-05-08,23:06,noche,21.5475,18.29,1767,6.5,4,Depositado
2025-05-08,00:40,noche,20.1543,18.64,1731,6.5,4,Depositado
2025-05-08,01:29,noche,19.8566,17.91,1848,7.5,7,Depositado
2025-05-08,02:18,noche,20.1084,17.57,1928,8.0,10,Depositado
2025-05-08,03:06,noche,21.0736,15.88,2053,8.0,3,Depositado
2025-05-08,04:57,noche,20.8231,18.01,1863,8.0,9,Depositado
2025-05-08,05:19,noche,20.4025,15.28,2146,8.0,7,Depositado
2025-05-08,06:28,noche,20.6604,15.89,2033,8.0,4,Depositado
2025-05-09,06:18,mañana,19.9586,14.06,2241,7.5,1,Depositado
2025-05-09,07:22,mañana,20.3234,15.74,2019,7.5,3,Depositado
2025-05-09,08:35,mañana,20.1433,19.76,1585,5.0,1,Depositado
2025-05-09,09:55,mañana,20.6404,18.16,1852,8.0,8,Depositado
2025-05-09,10:41,mañana,20.5508,20.38,1571,6.5,4,Depositado
2025-05-09,11:57,mañana,20.5219,22.24,1410,5.5,6,Depositado
2025-05-09,12:55,mañana,20.2186,26.83,1118,5.0,7,Depositado
2025-05-09,13:50,mañana,19.8526,25.2,1140,4.5,4,Depositado
2025-05-09,14:01,mañana,21.7865,24.96,1194,5.0,6,Depositado
2025-05-09,14:16,tarde,22.447,26.41,1052,4.0,2,Depositado
2025-05-09,15:14,tarde,21.7855,24.29,1375,7.0,12,Depositado
2025-05-09,16:32,tarde,21.8609,24.45,1215,4.5,2,Depositado
2025-05-09,17:01,tarde,23.3486,23.79,1274,4.5,3,Depositado
2025-05-09,18:38,tarde,22.1065,22.77,1335,4.5,2,Depositado
2025-05-09,19:34,tarde,21.8869,21.41,1449,5.5,2,Depositado
2025-05-09,20:37,tarde,20.5378,21.19,1522,7.0,6,Depositado
2025-05-09,21:38,tarde,22.7723,21.1,1432,5.0,2,Depositado
2025-05-09,22:30,tarde,22.4503,19.69,1602,6.5,3,Depositado
2025-05-09,22:21,noche,20.6751,21.25,1598,8.0,11,Depositado
2025-05-09,23:45,noche,20.7022,19.63,1660,7.0,5,Depositado
2025-05-09,00:37,noche,20.7743,20.46,1657,8.0,10,Depositado
2025-05-09,01:57,noche,20.8542,19.14,1677,7.5,5,Depositado
2025-05-09,02:57,noche,20.2668,16.56,2099,8.0,15,Depositado
2025-05-09,03:28,noche,20.1168,17.79,1919,8.0,9,Depositado
2025-05-09,04:27,noche,20.0384,16.37,1946,7.0,2,Depositado
2025-05-09,05:12,noche,20.306,17.52,1937,8.0,10,Depositado
2025-05-09,06:40,noche,20.9494,16.15,2093,8.0,12,Depositado
2025-05-12,06:10,mañana,21.0771,15.48,2058,8.0,3,Depositado
2025-05-12,07:33,mañana,21.2591,18.31,1769,6.5,5,Depositado
2025-05-12,08:01,mañana,20.1545,19.5,1646,7.0,6,Depositado
2025-05-12,09:41,mañana,20.7466,20.47,1524,6.5,4,Depositado
2025-05-12,10:41,mañana,21.256,21.86,1508,7.5,8,Depositado
2025-05-12,11:17,mañana,21.1392,21.56,1549,7.5,9,Depositado
2025-05-12,12:54,mañana,19.0643,23.99,1257,5.0,5,Depositado
2025-05-12,13:02,mañana,21.4781,24.73,1279,6.0,8,Depositado
2025-05-12,14:26,mañana,19.7097,26.33,1168,5.5,9,Depositado
2025-05-12,14:02,tarde,22.1483,25.04,1184,4.0,1,Depositado
2025-05-12,15:00,tarde,20.9455,23.86,1235,4.0,2,Depositado
2025-05-12,16:02,tarde,22.0428,24.71,1269,6.0,7,Depositado
2025-05-12,17:32,tarde,22.6977,24.27,1201,4.0,1,Depositado
2025-05-12,18:41,tarde,21.715,23.17,1282,4.5,2,Depositado
2025-05-12,19:09,tarde,22.9992,19.53,1630,6.5,4,Depositado
2025-05-12,20:24,tarde,22.8207,20.97,1547,7.0,7,Depositado
2025-05-12,21:20,tarde,22.4856,19.84,1644,7.0,6,Depositado
2025-05-12,22:32,tarde,22.5117,19.84,1784,8.0,15,Depositado
2025-05-12,22:49,noche,20.3361,20.09,1575,6.0,2,Depositado
2025-05-12,23:03,noche,19.602,16.86,1931,7.5,4,Depositado
2025-05-12,00:30,noche,19.8159,20.26,1665,8.0,11,Depositado
2025-05-12,01:21,noche,20.633,18.33,1712,5.5,0,Depositado
2025-05-12,02:42,noche,20.6827,19.86,1635,7.5,7,Depositado
2025-05-12,03:09,noche,21.2423,18.31,1731,6.0,2,Depositado
2025-05-12,04:55,noche,19.9847,15.93,1928,6.5,0,Depositado
2025-05-12,05:09,noche,20.5541,15.74,1963,7.0,1,Depositado
2025-05-12,06:33,noche,20.7731,15.69,1983,7.0,1,Depositado
2025-05-13,06:38,mañana,20.2403,16.7,2017,8.0,7,Depositado
2025-05-13,07:18,mañana,20.5537,15.55,2018,7.5,1,Depositado
2025-05-13,08:35,mañana,21.0006,18.52,1719,7.0,3,Depositado
2025-05-13,09:25,mañana,19.7516,18.54,1717,7.0,4,Depositado
2025-05-13,10:18,mañana,19.8752,22.94,1354,5.5,4,Depositado
2025-05-13,11:37,mañana,20.7583,21.89,1422,6.0,5,Depositado
2025-05-13,12:46,mañana,20.3822,23.93,1309,5.5,4,Depositado
2025-05-13,13:00,mañana,19.4735,23.43,1341,5.5,5,Depositado
2025-05-13,14:07,mañana,20.8652,26.01,1073,4.0,1,Depositado
2025-05-13,14:26,tarde,21.2053,25.18,1119,4.0,1,Depositado
2025-05-13,15:49,tarde,23.0497,23.71,1309,5.0,5,Depositado
2025-05-13,16:26,tarde,22.6518,24.28,1192,4.5,1,Depositado
2025-05-13,17:00,tarde,22.097,22.95,1458,8.0,12,Depositado
2025-05-13,18:32,tarde,23.0386,22.51,1290,4.5,0,Depositado
2025-05-13,19:53,tarde,21.8835,21.88,1441,6.5,7,Depositado
2025-05-13,20:20,tarde,21.6889,22.06,1378,4.5,1,Depositado
2025-05-13,21:08,tarde,21.57,19.31,1627,6.0,3,Depositado
2025-05-13,22:33,tarde,21.419,20.02,1639,7.0,6,Depositado
2025-05-13,22:19,noche,20.8786,20.91,1536,6.5,5,Depositado
2025-05-13,23:35,noche,20.416,20.59,1531,6.5,4,Depositado
2025-05-13,00:47,noche,20.5475,20.68,1570,7.0,7,Depositado
2025-05-13,01:08,noche,19.5419,16.12,1906,6.0,1,Depositado
2025-05-13,02:02,noche,20.8865,18.62,1662,5.5,1,Depositado
2025-05-13,03:53,noche,20.654,17.16,1878,6.5,3,Depositado
2025-05-13,04:41,noche,20.7319,16.16,1953,7.0,3,Depositado
2025-05-13,05:33,noche,19.8473,15.61,1966,7.0,1,Depositado
2025-05-13,06:46,noche,20.6612,17.37,1805,6.5,2,Depositado
2025-05-14,06:11,mañana,20.8982,16.31,2024,8.0,7,Depositado
2025-05-14,07:09,mañana,19.1506,14.38,2189,7.5,1,Depositado
2025-05-14,08:29,mañana,20.5114,20.5,1497,5.5,1,Depositado
2025-05-14,09:00,mañana,19.83,18.8,1745,6.5,4,Depositado
2025-05-14,10:08,mañana,20.8086,21.82,1449,5.5,4,Depositado
2025-05-14,11:19,mañana,21.4926,21.27,1411,5.0,0,Depositado
2025-05-14,12:18,mañana,19.7794,24.77,1243,5.0,6,Depositado
2025-05-14,13:44,mañana,21.4775,25.11,1234,5.0,7,Depositado
2025-05-14,14:34,mañana,20.6194,26.18,1160,5.5,7,Depositado
2025-05-14,14:35,tarde,21.9994,24.53,1193,4.5,1,Depositado
2025-05-14,15:09,tarde,22.5928,26.1,1193,6.0,10,Depositado
2025-05-14,16:13,tarde,22.1829,25.29,1216,5.5,7,Depositado
2025-05-14,17:21,tarde,22.727,22.91,1356,6.0,5,Depositado
2025-05-14,18:31,tarde,21.1346,23.62,1466,8.0,15,Depositado
2025-05-14,19:38,tarde,22.9247,22.19,1427,7.0,9,Depositado
2025-05-14,20:52,tarde,22.5008,20.67,1528,5.5,4,Depositado
2025-05-14,21:12,tarde,24.1294,22.01,1483,6.5,8,Depositado
2025-05-14,22:58,tarde,21.9586,20.11,1710,8.0,13,Depositado
2025-05-14,22:46,noche,19.5266,20.57,1572,6.0,5,Depositado
2025-05-14,23:07,noche,20.3078,19.51,1732,7.5,9,Depositado
2025-05-14,00:03,noche,19.2763,19.16,1659,6.0,2,Depositado
2025-05-14,01:28,noche,20.7518,16.92,1889,7.5,3,Depositado
2025-05-14,02:06,noche,19.9842,16.29,1938,6.5,1,Depositado
2025-05-14,03:59,noche,20.1646,14.31,2239,8.0,6,Depositado
2025-05-14,04:27,noche,20.5258,17.37,1972,8.0,11,Depositado
2025-05-14,05:09,noche,20.2212,16.48,1929,7.0,3,Depositado
2025-05-14,06:43,noche,19.8897,15.3,2058,7.0,1,Depositado
2025-05-15,06:06,mañana,21.1911,17.6,1918,8.0,11,Depositado
2025-05-15,07:19,mañana,21.3618,16.39,2045,8.0,10,Depositado
2025-05-15,08:14,mañana,20.6075,18.65,1741,6.5,5,Depositado
2025-05-15,09:05,mañana,20.8497,21.28,1443,5.0,3,Depositado
2025-05-15,10:28,mañana,20.6801,21.84,1429,5.5,3,Depositado
2025-05-15,11:31,mañana,20.8526,20.47,1479,6.0,4,Depositado
2025-05-15,12:31,mañana,21.7173,23.07,1319,4.5,1,Depositado
2025-05-15,13:03,mañana,20.7141,26.21,1143,5.5,7,Depositado
2025-05-15,14:45,mañana,20.2693,24.73,1174,4.0,0,Depositado
2025-05-15,14:47,tarde,21.7129,26.61,1057,4.0,3,Depositado
2025-05-15,15:37,tarde,21.7837,25.93,1140,4.5,4,Depositado
2025-05-15,16:59,tarde,23.7813,24.55,1365,7.5,12,Depositado
2025-05-15,17:26,tarde,22.5911,23.91,1231,4.5,1,Depositado
2025-05-15,18:24,tarde,21.8453,23.11,1355,5.5,5,Depositado
2025-05-15,19:20,tarde,21.4939,21.69,1407,5.5,2,Depositado
2025-05-15,20:10,tarde,22.4104,21.05,1523,6.5,5,Depositado
2025-05-15,21:07,tarde,23.0783,18.81,1724,7.0,5,Depositado
2025-05-15,22:31,tarde,21.9775,19.94,1570,6.0,2,Depositado
2025-05-15,22:23,noche,20.1111,19.87,1621,6.5,4,Depositado
2025-05-15,23:48,noche,20.6501,19.45,1685,7.5,6,Depositado
2025-05-15,00:14,noche,20.7187,20.8,1552,6.0,4,Depositado
2025-05-15,01:18,noche,20.2009,18.75,1675,6.5,2,Depositado
2025-05-15,02:15,noche,20.1909,17.2,1994,8.0,10,Depositado
2025-05-15,03:36,noche,21.97,16.2,1977,7.0,3,Depositado
2025-05-15,04:06,noche,20.5006,17.54,1791,6.5,1,Depositado
2025-05-15,05:28,noche,19.6983,15.19,2196,8.0,9,Depositado
2025-05-15,06:53,noche,20.6603,16.56,1933,8.0,4,Depositado
2025-05-16,06:06,mañana,20.636,17.08,1882,6.5,2,Depositado
2025-05-16,07:05,mañana,21.4316,16.9,1867,7.5,3,Depositado
2025-05-16,08:23,mañana,20.3369,19.5,1607,5.5,2,Depositado
2025-05-16,09:19,mañana,20.3674,20.4,1523,5.5,3,Depositado
2025-05-16,10:05,mañana,20.2277,20.68,1584,6.0,5,Depositado
2025-05-16,11:26,mañana,20.322,19.95,1586,6.0,4,Depositado
2025-05-16,12:32,mañana,19.0597,23.58,1299,5.0,4,Depositado
2025-05-16,13:44,mañana,20.1635,22.77,1404,5.5,6,Depositado
2025-05-16,14:09,mañana,20.6039,26.95,1075,4.5,5,Depositado
2025-05-16,14:10,tarde,21.4516,27.03,1083,4.5,7,Depositado
2025-05-16,15:15,tarde,22.14,23.86,1479,8.0,15,Depositado
2025-05-16,16:44,tarde,21.5713,22.89,1364,6.0,5,Depositado
2025-05-16,17:45,tarde,21.7336,23.16,1374,6.0,8,Depositado
2025-05-16,18:16,tarde,22.9104,23.0,1324,5.0,3,Depositado
2025-05-16,19:28,tarde,20.9111,25.17,1137,4.0,2,Depositado
2025-05-16,20:03,tarde,21.1053,21.41,1443,5.5,3,Depositado
2025-05-16,21:31,tarde,20.0095,21.61,1420,5.5,2,Depositado
2025-05-16,22:21,tarde,22.6004,16.98,1882,6.5,1,Depositado
2025-05-16,22:08,noche,20.8432,19.65,1631,6.5,5,Depositado
2025-05-16,23:59,noche,19.8235,18.27,1734,6.0,2,Depositado
2025-05-16,00:28,noche,21.3812,19.89,1586,5.5,1,Depositado
2025-05-16,01:07,noche,20.6556,18.81,1761,8.0,8,Depositado
2025-05-16,02:46,noche,20.1264,19.84,1631,6.5,5,Depositado
2025-05-16,03:19,noche,20.5469,18.09,1741,6.5,2,Depositado
2025-05-16,04:51,noche,21.0476,16.61,1895,7.5,2,Depositado
2025-05-16,05:12,noche,20.2688,18.05,1838,8.0,8,Depositado
2025-05-16,06:58,noche,19.1821,16.65,1977,8.0,7,Depositado
2025-05-19,06:00,mañana,20.2601,14.95,2084,7.0,0,Depositado
2025-05-19,07:59,mañana,20.6846,18.03,1780,7.0,4,Depositado
2025-05-19,08:22,mañana,20.4646,18.07,1745,6.5,3,Depositado
2025-05-19,09:34,mañana,20.2006,18.14,1801,8.0,6,Depositado
2025-05-19,10:22,mañana,20.1169,20.04,1552,6.0,3,Depositado
2025-05-19,11:04,mañana,21.0902,23.99,1216,4.0,0,Depositado
2025-05-19,12:17,mañana,20.828,22.5,1335,4.5,3,Depositado
2025-05-19,13:57,mañana,20.8859,23.39,1260,4.5,3,Depositado
2025-05-19,14:31,mañana,22.2744,26.5,1168,5.5,8,Depositado
2025-05-19,14:53,tarde,23.0965,25.66,1082,4.0,0,Depositado
2025-05-19,15:38,tarde,21.3217,25.31,1306,7.5,13,Depositado
2025-05-19,16:16,tarde,21.7251,26.36,1068,4.0,2,Depositado
2025-05-19,17:03,tarde,20.6226,23.27,1269,4.0,1,Depositado
2025-05-19,18:40,tarde,22.7773,22.71,1454,7.5,10,Depositado
2025-05-19,19:52,tarde,21.6908,23.51,1216,4.5,2,Depositado
2025-05-19,20:11,tarde,22.8486,21.74,1470,7.0,7,Depositado
2025-05-19,21:23,tarde,22.7133,19.81,1760,8.0,13,Depositado
2025-05-19,22:02,tarde,22.1445,19.6,1591,6.0,2,Depositado
2025-05-19,22:14,noche,21.6561,20.35,1667,8.0,8,Depositado
2025-05-19,23:07,noche,20.2997,20.38,1580,6.0,4,Depositado
2025-05-19,00:20,noche,21.0977,19.11,1698,7.0,5,Depositado
2025-05-19,01:48,noche,19.5377,19.55,1754,8.0,13,Depositado
2025-05-19,02:13,noche,21.168,18.13,1703,6.5,3,Depositado
2025-05-19,03:55,noche,21.668,16.81,1885,6.5,2,Depositado
2025-05-19,04:25,noche,20.5709,18.0,1844,8.0,8,Depositado
2025-05-19,05:44,noche,20.7719,17.59,1895,8.0,8,Depositado
2025-05-19,06:46,noche,20.5117,16.26,1975,7.5,3,Depositado
2025-05-20,06:02,mañana,19.909,14.0,2322,8.0,8,Depositado
2025-05-20,07:44,mañana,20.0891,15.31,2151,8.0,5,Depositado
2025-05-20,08:16,mañana,19.9513,19.25,1642,6.0,2,Depositado
2025-05-20,09:11,mañana,20.2624,19.49,1616,5.5,2,Depositado
2025-05-20,10:42,mañana,21.1207,19.9,1671,7.5,8,Depositado
2025-05-20,11:33,mañana,20.2355,20.91,1525,5.5,3,Depositado
2025-05-20,12:20,mañana,20.7659,21.78,1442,5.5,4,Depositado
2025-05-20,13:23,mañana,21.4317,24.07,1237,5.0,2,Depositado
2025-05-20,14:37,mañana,20.6053,23.56,1460,8.0,15,Depositado
2025-05-20,14:38,tarde,22.6852,27.7,924,4.0,0,Depositado
2025-05-20,15:45,tarde,21.7237,25.72,1179,5.0,5,Depositado
2025-05-20,16:33,tarde,21.8167,24.88,1233,5.5,6,Depositado
2025-05-20,17:59,tarde,22.0678,24.47,1174,4.5,1,Depositado
2025-05-20,18:33,tarde,21.2717,21.99,1409,5.0,2,Depositado
2025-05-20,19:17,tarde,22.1106,20.67,1481,5.0,2,Depositado
2025-05-20,20:40,tarde,20.9605,21.37,1489,6.5,5,Depositado
2025-05-20,21:34,tarde,21.4208,19.22,1620,6.0,1,Depositado
2025-05-20,22:34,tarde,21.1544,17.06,1841,6.5,2,Depositado
2025-05-20,22:31,noche,21.5727,19.68,1616,6.5,3,Depositado
2025-05-20,23:38,noche,20.1266,18.61,1724,6.0,2,Depositado
2025-05-20,00:24,noche,20.5136,19.54,1690,7.5,8,Depositado
2025-05-20,01:27,noche,19.3668,18.52,1778,7.0,6,Depositado
2025-05-20,02:37,noche,20.5025,17.8,1842,7.0,5,Depositado
2025-05-20,03:23,noche,19.7891,16.76,1886,7.0,1,Depositado
2025-05-20,04:05,noche,21.1223,17.1,1908,7.5,4,Depositado
2025-05-20,05:37,noche,20.2825,16.36,1994,8.0,5,Depositado
2025-05-20,06:25,noche,19.2685,14.84,2310,8.0,13,Depositado
2025-05-21,06:07,mañana,19.5942,16.49,1977,8.0,6,Depositado
2025-05-21,07:20,mañana,20.2969,16.37,2061,8.0,7,Depositado
2025-05-21,08:47,mañana,20.8192,20.77,1500,6.0,2,Depositado
2025-05-21,09:30,mañana,19.7455,18.56,1757,7.5,5,Depositado
2025-05-21,10:47,mañana,19.9218,22.05,1442,6.0,6,Depositado
2025-05-21,11:19,mañana,20.2382,22.79,1318,4.5,2,Depositado
2025-05-21,12:33,mañana,20.2379,23.82,1262,5.0,3,Depositado
2025-05-21,13:17,mañana,19.6997,24.75,1149,4.0,2,Depositado
2025-05-21,14:12,mañana,20.3054,25.7,1215,5.5,8,Depositado
2025-05-21,14:03,tarde,22.6388,26.71,1161,6.5,12,Depositado
2025-05-21,15:38,tarde,22.0258,24.94,1198,4.0,3,Depositado
2025-05-21,16:22,tarde,22.2267,26.83,1015,4.0,1,Depositado
2025-05-21,17:04,tarde,22.4992,23.66,1264,5.0,4,Depositado
2025-05-21,18:04,tarde,21.4275,22.42,1417,6.0,4,Depositado
2025-05-21,19:10,tarde,21.7211,21.23,1461,5.5,3,Depositado
2025-05-21,20:06,tarde,20.9472,21.82,1456,5.5,3,Depositado
2025-05-21,21:17,tarde,21.6397,19.26,1748,8.0,11,Depositado
2025-05-21,22:59,tarde,22.0458,21.23,1479,6.0,4,Depositado
2025-05-21,22:13,noche,19.9816,22.15,1397,6.0,5,Depositado
2025-05-21,23:59,noche,21.2662,20.21,1541,6.0,3,Depositado
2025-05-21,00:44,noche,20.2148,18.77,1687,5.5,1,Depositado
2025-05-21,01:38,noche,19.8369,16.96,1850,6.0,1,Depositado
2025-05-21,02:25,noche,20.3904,17.62,1810,6.5,3,Depositado
2025-05-21,03:09,noche,19.4827,17.88,1822,7.5,4,Depositado
2025-05-21,04:13,noche,21.1071,17.21,1835,7.0,2,Depositado
2025-05-21,05:06,noche,19.7312,14.82,2194,8.0,5,Depositado
2025-05-21,06:31,noche,20.6709,17.14,1985,8.0,12,Depositado
2025-05-22,06:57,mañana,20.3898,15.4,2070,8.0,3,Depositado
2025-05-22,07:16,mañana,19.4576,17.8,1796,6.5,3,Depositado
2025-05-22,08:59,mañana,20.0896,16.89,1917,7.5,5,Depositado
2025-05-22,09:26,mañana,20.2713,19.73,1585,5.5,1,Depositado
2025-05-22,10:01,mañana,21.1565,20.34,1572,6.5,6,Depositado
2025-05-22,11:50,mañana,20.6058,22.59,1357,5.0,2,Depositado
2025-05-22,12:53,mañana,20.8854,22.62,1335,5.0,3,Depositado
2025-05-22,13:12,mañana,20.1744,27.19,1101,4.5,6,Depositado
2025-05-22,14:21,mañana,20.9532,24.58,1215,5.0,3,Depositado
2025-05-22,14:01,tarde,21.5894,26.27,1160,5.5,10,Depositado
2025-05-22,15:09,tarde,22.6541,24.14,1354,7.0,9,Depositado
2025-05-22,16:24,tarde,21.909,23.59,1363,7.0,9,Depositado
2025-05-22,17:47,tarde,22.1625,22.25,1554,8.0,15,Depositado
2025-05-22,18:04,tarde,21.8372,22.84,1452,7.0,9,Depositado
2025-05-22,19:07,tarde,22.4903,23.46,1254,4.5,1,Depositado
2025-05-22,20:43,tarde,21.2617,22.76,1422,7.0,9,Depositado
2025-05-22,21:05,tarde,21.1074,18.74,1655,5.5,1,Depositado
2025-05-22,22:41,tarde,21.2661,20.22,1547,6.0,3,Depositado
2025-05-22,22:48,noche,20.5053,19.36,1702,7.5,8,Depositado
2025-05-22,23:57,noche,20.9269,19.25,1634,6.0,2,Depositado
2025-05-22,00:32,noche,19.5991,18.83,1710,7.5,6,Depositado
2025-05-22,01:31,noche,20.6451,19.78,1649,7.0,6,Depositado
2025-05-22,02:50,noche,19.7154,17.17,1879,7.5,5,Depositado
2025-05-22,03:31,noche,20.6402,18.19,1730,6.0,0,Depositado
2025-05-22,04:46,noche,20.5226,16.56,1919,7.0,3,Depositado
2025-05-22,05:47,noche,20.7104,16.16,1910,6.5,0,Depositado
2025-05-22,06:00,noche,20.0398,17.88,1776,6.5,2,Depositado
2025-05-23,06:28,mañana,20.3021,16.8,1904,7.0,4,Depositado
2025-05-23,07:43,mañana,21.2259,16.47,2006,8.0,7,Depositado
2025-05-23,08:51,mañana,19.9375,18.57,1690,5.5,1,Depositado
2025-05-23,09:27,mañana,20.0289,19.16,1642,6.0,1,Depositado
2025-05-23,10:10,mañana,20.1887,19.2,1725,8.0,7,Depositado
2025-05-23,11:44,mañana,20.3163,22.08,1392,5.5,2,Depositado
2025-05-23,12:02,mañana,20.7392,21.63,1483,6.5,8,Depositado
2025-05-23,13:06,mañana,20.7339,24.38,1299,6.5,8,Depositado
2025-05-23,14:31,mañana,19.9858,24.74,1180,4.0,2,Depositado
2025-05-23,14:16,tarde,21.8936,26.01,1127,4.5,5,Depositado
2025-05-23,15:11,tarde,21.6898,26.09,1138,4.5,5,Depositado
2025-05-23,16:04,tarde,23.0366,25.1,1222,5.5,6,Depositado
2025-05-23,17:45,tarde,22.8344,23.38,1324,6.0,7,Depositado
2025-05-23,18:44,tarde,22.0712,23.39,1287,4.5,2,Depositado
2025-05-23,19:47,tarde,21.9352,22.75,1348,5.0,3,Depositado
2025-05-23,20:45,tarde,23.1763,20.97,1478,5.0,2,Depositado
2025-05-23,21:19,tarde,22.3087,21.84,1437,5.0,1,Depositado
2025-05-23,22:09,tarde,21.635,20.79,1624,7.5,9,Depositado
2025-05-23,22:08,noche,20.3369,19.81,1563,6.0,2,Depositado
2025-05-23,23:30,noche,21.0676,19.96,1562,6.5,3,Depositado
2025-05-23,00:30,noche,19.6936,18.7,1660,5.5,1,Depositado
2025-05-23,01:43,noche,21.8766,19.87,1574,5.0,1,Depositado
2025-05-23,02:59,noche,20.3037,16.12,2011,8.0,6,Depositado
2025-05-23,03:18,noche,20.0995,17.8,1851,7.0,6,Depositado
2025-05-23,04:11,noche,20.5034,18.86,1638,6.0,1,Depositado
2025-05-23,05:29,noche,19.5645,17.53,1824,6.0,2,Depositado
2025-05-23,06:08,noche,20.3034,16.15,1945,7.0,1,Depositado
2025-05-26,06:14,mañana,20.4349,15.44,2059,8.0,2,Depositado
2025-05-26,07:20,mañana,21.0033,17.19,1823,6.5,1,Depositado
2025-05-26,08:48,mañana,19.9394,19.32,1614,5.5,1,Depositado
2025-05-26,09:27,mañana,19.8932,18.63,1698,6.5,2,Depositado
2025-05-26,10:02,mañana,20.0645,21.53,1526,7.0,8,Depositado
2025-05-26,11:02,mañana,20.5024,22.33,1329,5.0,1,Depositado
2025-05-26,12:04,mañana,20.8314,24.12,1276,5.5,7,Depositado
2025-05-26,13:11,mañana,19.8006,23.15,1285,4.5,1,Depositado
2025-05-26,14:18,mañana,20.6475,24.87,1167,4.5,3,Depositado
2025-05-26,14:45,tarde,21.9572,27.25,1101,4.5,7,Depositado
2025-05-26,15:16,tarde,21.9908,23.79,1366,6.0,9,Depositado
2025-05-26,16:10,tarde,20.6289,22.46,1392,5.0,2,Depositado
2025-05-26,17:09,tarde,23.5969,24.83,1246,5.5,6,Depositado
2025-05-26,18:22,tarde,21.9242,22.05,1381,4.0,0,Depositado
2025-05-26,19:59,tarde,20.1817,21.29,1410,5.0,0,Depositado
2025-05-26,20:51,tarde,22.622,21.45,1482,6.5,5,Depositado
2025-05-26,21:56,tarde,22.0822,21.88,1468,6.0,6,Depositado
2025-05-26,22:03,tarde,19.9567,20.08,1581,5.5,2,Depositado
2025-05-26,22:48,noche,20.801,21.29,1537,7.0,9,Depositado
2025-05-26,23:52,noche,21.0677,19.13,1808,7.5,9,Depositado
2025-05-26,00:06,noche,19.9666,20.05,1601,6.5,5,Depositado
2025-05-26,01:04,noche,20.7345,17.87,1759,6.0,0,Depositado
2025-05-26,02:41,noche,21.1281,17.33,1865,7.0,4,Depositado
2025-05-26,03:45,noche,22.1176,19.86,1601,6.5,4,Depositado
2025-05-26,04:20,noche,20.1054,17.62,1801,6.0,1,Depositado
2025-05-26,05:06,noche,19.8926,17.52,1792,6.5,4,Depositado
2025-05-26,06:50,noche,20.8489,15.74,2041,8.0,6,Depositado
2025-05-27,06:37,mañana,19.219,14.38,2203,8.0,2,Depositado
2025-05-27,07:29,mañana,20.242,16.14,2032,8.0,8,Depositado
2025-05-27,08:09,mañana,19.948,18.4,1889,8.0,12,Depositado
2025-05-27,09:47,mañana,18.9922,19.6,1623,6.0,3,Depositado
2025-05-27,10:37,mañana,21.372,19.94,1596,7.0,6,Depositado
2025-05-27,11:22,mañana,20.5251,21.21,1471,6.5,6,Depositado
2025-05-27,12:35,mañana,19.9104,24.43,1229,4.0,2,Depositado
2025-05-27,13:22,mañana,20.1764,25.14,1152,4.0,3,Depositado
2025-05-27,14:30,mañana,20.6426,24.55,1233,5.0,3,Depositado
2025-05-27,14:38,tarde,21.8775,25.74,1245,5.0,7,Depositado
2025-05-27,15:31,tarde,21.7432,25.53,1127,4.0,1,Depositado
2025-05-27,16:52,tarde,21.7879,22.73,1323,5.5,3,Depositado
2025-05-27,17:27,tarde,22.29,22.65,1396,5.5,4,Depositado
2025-05-27,18:26,tarde,22.7771,23.67,1427,8.0,13,Depositado
2025-05-27,19:09,tarde,21.7865,23.3,1324,5.0,4,Depositado
2025-05-27,20:18,tarde,22.0158,23.14,1306,4.5,2,Depositado
2025-05-27,21:30,tarde,20.2538,20.83,1535,5.5,2,Depositado
2025-05-27,22:32,tarde,22.983,20.62,1579,7.0,6,Depositado
2025-05-27,22:41,noche,20.4247,20.92,1470,5.0,2,Depositado
2025-05-27,23:04,noche,19.6606,19.19,1775,8.0,9,Depositado
2025-05-27,00:59,noche,19.2487,20.08,1614,6.0,5,Depositado
2025-05-27,01:21,noche,21.0485,19.0,1727,6.5,5,Depositado
2025-05-27,02:04,noche,20.0555,18.61,1815,8.0,10,Depositado
2025-05-27,03:43,noche,20.2682,16.63,1993,8.0,7,Depositado
2025-05-27,04:54,noche,19.436,17.6,1782,6.5,1,Depositado
2025-05-27,05:47,noche,19.672,15.08,2200,8.0,12,Depositado
2025-05-27,06:39,noche,19.8606,14.91,2278,8.0,11,Depositado
2025-05-28,06:54,mañana,19.3167,18.14,1765,6.5,3,Depositado
2025-05-28,07:57,mañana,20.4991,19.22,1638,6.0,0,Depositado
2025-05-28,08:41,mañana,20.7393,17.17,1861,6.0,1,Depositado
2025-05-28,09:31,mañana,21.4131,19.92,1622,6.5,4,Depositado
2025-05-28,10:55,mañana,20.2534,20.92,1602,7.5,9,Depositado
2025-05-28,11:47,mañana,21.1808,23.44,1344,5.0,5,Depositado
2025-05-28,12:41,mañana,21.2043,24.49,1228,5.5,5,Depositado
2025-05-28,13:23,mañana,19.2514,22.52,1323,4.5,1,Depositado
2025-05-28,14:18,mañana,20.1606,26.65,1153,5.0,6,Depositado
2025-05-28,14:34,tarde,23.1096,27.38,1013,4.0,2,Depositado
2025-05-28,15:10,tarde,22.5921,24.63,1223,5.5,4,Depositado
2025-05-28,16:15,tarde,21.8657,24.79,1328,7.0,11,Depositado
2025-05-28,17:01,tarde,21.3466,24.77,1218,5.5,4,Depositado
2025-05-28,18:28,tarde,22.1753,24.03,1220,4.5,1,Depositado
2025-05-28,19:31,tarde,21.5457,21.9,1422,6.0,4,Depositado
2025-05-28,20:30,tarde,22.6096,20.99,1433,5.0,0,Depositado
2025-05-28,21:35,tarde,21.94,20.81,1577,6.5,7,Depositado
2025-05-28,22:27,tarde,20.526,20.52,1548,6.5,6,Depositado
2025-05-28,22:56,noche,21.306,17.58,1789,6.5,1,Depositado
2025-05-28,23:13,noche,21.3748,20.61,1593,7.5,7,Depositado
2025-05-28,00:35,noche,18.8391,20.5,1696,8.0,14,Depositado
2025-05-28,01:18,noche,20.0204,18.66,1797,8.0,8,Depositado
2025-05-28,02:39,noche,20.2274,18.13,1752,5.5,1,Depositado
2025-05-28,03:38,noche,20.1356,17.32,1881,8.0,6,Depositado
2025-05-28,04:27,noche,20.0306,17.59,1928,8.0,12,Depositado
2025-05-28,05:23,noche,21.1692,16.2,2044,8.0,8,Depositado
2025-05-28,06:36,noche,21.0416,15.94,2024,7.5,3,Depositado
2025-05-29,06:03,mañana,20.2653,15.51,2002,6.5,0,Depositado
2025-05-29,07:45,mañana,19.6878,16.74,1897,6.0,1,Depositado
2025-05-29,08:35,mañana,19.5222,16.83,1890,7.5,3,Depositado
2025-05-29,09:07,mañana,20.3652,20.95,1491,5.5,2,Depositado
2025-05-29,10:13,mañana,19.6255,22.5,1312,4.0,0,Depositado
2025-05-29,11:45,mañana,20.617,22.07,1393,5.5,2,Depositado
2025-05-29,12:14,mañana,20.3865,23.05,1428,7.0,8,Depositado
2025-05-29,13:27,mañana,20.1904,26.1,1149,5.0,6,Depositado
2025-05-29,14:39,mañana,20.8262,26.47,1126,5.5,7,Depositado
2025-05-29,14:45,tarde,21.6359,24.66,1224,5.0,5,Depositado
2025-05-29,15:37,tarde,22.5983,24.83,1180,5.0,4,Depositado
2025-05-29,16:19,tarde,23.0802,25.21,1153,4.0,2,Depositado
2025-05-29,17:13,tarde,21.0241,24.16,1230,4.0,1,Depositado
2025-05-29,18:07,tarde,22.2423,23.6,1303,4.5,3,Depositado
2025-05-29,19:23,tarde,21.6477,21.02,1520,6.0,4,Depositado
2025-05-29,20:15,tarde,21.8252,21.12,1558,7.5,8,Depositado
2025-05-29,21:51,tarde,22.4132,20.71,1539,6.5,6,Depositado
2025-05-29,22:43,tarde,22.2956,19.17,1637,6.0,3,Depositado
2025-05-29,22:52,noche,20.8698,18.57,1711,6.0,2,Depositado
2025-05-29,23:32,noche,19.8997,20.41,1508,4.5,0,Depositado
2025-05-29,00:47,noche,20.0316,18.16,1757,6.5,3,Depositado
2025-05-29,01:08,noche,20.9661,17.12,1946,8.0,8,Depositado
2025-05-29,02:47,noche,20.4672,16.57,1905,7.0,2,Depositado
2025-05-29,03:15,noche,20.4583,16.68,1894,7.0,2,Depositado
2025-05-29,04:55,noche,19.4451,15.46,2062,6.5,1,Depositado
2025-05-29,05:29,noche,21.0831,16.08,2004,8.0,5,Depositado
2025-05-29,06:03,noche,20.8568,16.83,1910,7.0,4,Depositado
2025-05-30,06:45,mañana,20.0507,16.32,1939,7.0,4,Depositado
2025-05-30,07:05,mañana,20.0927,17.8,1752,5.5,0,Depositado
2025-05-30,08:29,mañana,21.0739,20.08,1686,7.5,9,Depositado
2025-05-30,09:45,mañana,20.4468,17.75,1781,6.5,3,Depositado
2025-05-30,10:23,mañana,20.4185,21.67,1499,6.0,7,Depositado
2025-05-30,11:16,mañana,21.0018,21.96,1510,6.0,7,Depositado
2025-05-30,12:34,mañana,20.0163,23.07,1418,7.0,9,Depositado
2025-05-30,13:38,mañana,21.5606,24.04,1311,5.5,4,Depositado
2025-05-30,14:49,mañana,21.2876,25.28,1176,4.0,2,Depositado
2025-05-30,14:38,tarde,23.4884,27.15,1092,4.5,4,Depositado
2025-05-30,15:54,tarde,22.5878,25.91,1085,4.0,1,Depositado
2025-05-30,16:24,tarde,21.6988,23.08,1297,5.5,4,Depositado
2025-05-30,17:13,tarde,21.4352,23.17,1349,5.0,4,Depositado
2025-05-30,18:06,tarde,21.4744,21.87,1627,8.0,15,Depositado
2025-05-30,19:37,tarde,21.9911,22.33,1348,5.0,2,Depositado
2025-05-30,20:15,tarde,21.7668,20.77,1506,5.0,2,Depositado
2025-05-30,21:35,tarde,21.1682,21.67,1393,4.5,1,Depositado
2025-05-30,22:39,tarde,20.8075,21.04,1492,5.0,2,Depositado
2025-05-30,22:37,noche,20.9601,18.78,1698,6.0,4,Depositado
2025-05-30,23:41,noche,20.5724,21.39,1421,5.0,1,Depositado
2025-05-30,00:35,noche,21.0179,20.07,1563,6.0,2,Depositado
2025-05-30,01:10,noche,20.8228,18.91,1604,5.0,0,Depositado
2025-05-30,02:23,noche,19.5335,17.27,1813,6.0,1,Depositado
2025-05-30,03:11,noche,21.1149,16.88,1965,8.0,6,Depositado
2025-05-30,04:03,noche,20.9468,17.67,1872,8.0,8,Depositado
2025-05-30,05:11,noche,20.0223,15.32,2203,8.0,10,Depositado
2025-05-30,06:37,noche,21.1466,15.2,2082,7.0,2,Depositado
2025-06-02,06:56,mañana,19.777,16.82,1919,7.0,5,Depositado
2025-06-02,07:29,mañana,20.703,17.65,1854,7.0,5,Depositado
2025-06-02,08:41,mañana,20.2167,18.75,1721,7.0,4,Depositado
2025-06-02,09:05,mañana,20.7495,18.88,1682,6.0,1,Depositado
2025-06-02,10:00,mañana,20.6806,22.45,1415,6.0,7,Depositado
2025-06-02,11:04,mañana,20.3843,23.13,1352,4.5,3,Depositado
2025-06-02,12:19,mañana,22.3806,23.07,1415,7.0,10,Depositado
2025-06-02,13:07,mañana,20.8595,23.1,1331,5.0,3,Depositado
2025-06-02,14:31,mañana,19.838,25.72,1166,5.0,6,Depositado
2025-06-02,14:52,tarde,22.3389,27.23,1040,4.0,2,Depositado
2025-06-02,15:33,tarde,22.0087,26.02,1175,5.5,9,Depositado
2025-06-02,16:00,tarde,21.428,23.21,1284,4.5,3,Depositado
2025-06-02,17:04,tarde,23.32,22.72,1457,8.0,12,Depositado
2025-06-02,18:33,tarde,22.1434,23.72,1312,5.5,5,Depositado
2025-06-02,19:49,tarde,21.3973,22.68,1425,6.5,8,Depositado
2025-06-02,20:27,tarde,22.3725,21.29,1560,7.5,8,Depositado
2025-06-02,21:21,tarde,21.894,19.45,1778,8.0,14,Depositado
2025-06-02,22:12,tarde,22.6799,20.46,1664,8.0,12,Depositado
2025-06-02,22:01,noche,20.4674,19.92,1525,5.0,0,Depositado
2025-06-02,23:58,noche,21.3371,19.18,1735,7.5,7,Depositado
2025-06-02,00:26,noche,20.044,17.98,1845,7.5,8,Depositado
2025-06-02,01:27,noche,21.6271,17.56,1860,8.0,7,Depositado
2025-06-02,02:22,noche,20.0059,17.88,1802,7.0,4,Depositado
2025-06-02,03:08,noche,20.6962,17.11,1787,5.5,0,Depositado
2025-06-02,04:35,noche,19.8282,14.78,2225,8.0,6,Depositado
2025-06-02,05:51,noche,19.7674,16.61,1977,7.5,5,Depositado
2025-06-02,06:19,noche,20.4872,16.02,1990,6.5,2,Depositado
2025-06-03,06:00,mañana,20.7562,15.64,2005,6.5,0,Depositado
2025-06-03,07:09,mañana,19.9966,20.19,1632,7.0,7,Depositado
2025-06-03,08:57,mañana,20.9849,18.55,1722,6.5,3,Depositado
2025-06-03,09:32,mañana,20.2956,19.15,1811,8.0,12,Depositado
2025-06-03,10:28,mañana,20.0952,22.26,1367,5.0,1,Depositado
2025-06-03,11:38,mañana,20.5652,22.05,1379,5.5,4,Depositado
2025-06-03,12:32,mañana,21.0945,23.64,1276,5.5,5,Depositado
2025-06-03,13:30,mañana,20.4791,26.65,1085,4.0,4,Depositado
2025-06-03,14:21,mañana,20.3859,25.31,1238,5.5,7,Depositado
2025-06-03,14:31,tarde,21.8796,23.4,1261,4.5,2,Depositado
2025-06-03,15:18,tarde,22.2992,24.85,1193,4.5,3,Depositado
2025-06-03,16:15,tarde,21.9823,23.22,1374,6.0,8,Depositado
2025-06-03,17:38,tarde,20.8385,22.78,1305,4.0,0,Depositado
2025-06-03,18:46,tarde,21.6447,23.32,1316,5.5,6,Depositado
2025-06-03,19:48,tarde,21.1086,21.82,1403,5.5,3,Depositado
2025-06-03,20:26,tarde,21.4914,22.4,1410,6.0,4,Depositado
2025-06-03,21:11,tarde,20.4228,21.63,1421,5.5,2,Depositado
2025-06-03,22:44,tarde,22.2851,18.94,1773,8.0,9,Depositado
2025-06-03,22:23,noche,20.8405,20.65,1592,6.5,4,Depositado
2025-06-03,23:00,noche,20.6535,21.23,1528,7.5,9,Depositado
2025-06-03,00:53,noche,21.7745,18.34,1787,7.5,6,Depositado
2025-06-03,01:45,noche,20.0546,20.12,1532,5.0,1,Depositado
2025-06-03,02:22,noche,21.4065,18.41,1672,5.5,1,Depositado
2025-06-03,03:50,noche,20.3358,19.1,1685,6.5,4,Depositado
2025-06-03,04:43,noche,21.6238,16.09,1943,7.0,2,Depositado
2025-06-03,05:32,noche,20.3471,16.26,2014,8.0,5,Depositado
2025-06-03,06:16,noche,20.9903,15.52,1995,7.0,2,Depositado
2025-06-04,06:17,mañana,20.9646,15.67,2040,7.5,2,Depositado
2025-06-04,07:00,mañana,19.7683,18.02,1739,6.0,1,Depositado
2025-06-04,08:28,mañana,21.1241,18.44,1849,8.0,11,Depositado
2025-06-04,09:02,mañana,20.9299,20.06,1678,8.0,9,Depositado
2025-06-04,10:45,mañana,20.7809,22.19,1417,5.5,4,Depositado
2025-06-04,11:28,mañana,20.4778,22.5,1393,6.0,5,Depositado
2025-06-04,12:05,mañana,20.8107,23.82,1309,6.0,5,Depositado
2025-06-04,13:30,mañana,19.4328,22.84,1362,5.0,4,Depositado
2025-06-04,14:08,mañana,20.8068,27.0,1184,5.5,10,Depositado
2025-06-04,14:17,tarde,22.5636,26.52,1082,4.5,4,Depositado
2025-06-04,15:57,tarde,21.2861,25.39,1158,4.0,1,Depositado
2025-06-04,16:28,tarde,21.3596,24.28,1236,4.5,2,Depositado
2025-06-04,17:35,tarde,21.3795,23.64,1251,4.0,1,Depositado
2025-06-04,18:25,tarde,22.0511,22.74,1364,5.0,3,Depositado
2025-06-04,19:51,tarde,22.0205,21.77,1402,5.0,1,Depositado
2025-06-04,20:15,tarde,21.3393,23.2,1393,6.5,8,Depositado
2025-06-04,21:25,tarde,21.6749,19.73,1812,8.0,15,Depositado
2025-06-04,22:03,tarde,23.6238,19.26,1693,6.0,4,Depositado
2025-06-04,22:44,noche,20.7084,21.22,1409,4.5,1,Depositado
2025-06-04,23:14,noche,20.4462,19.48,1589,5.5,1,Depositado
2025-06-04,00:45,noche,20.1947,18.12,1764,6.5,4,Depositado
2025-06-04,01:14,noche,20.4103,17.38,1945,8.0,10,Depositado
2025-06-04,02:40,noche,20.1363,18.12,1748,6.5,1,Depositado
2025-06-04,03:09,noche,19.5974,16.46,2030,8.0,7,Depositado
2025-06-04,04:38,noche,19.7466,16.92,1878,7.5,3,Depositado
2025-06-04,05:39,noche,21.1179,17.14,1896,7.5,3,Depositado
2025-06-04,06:34,noche,19.8553,17.01,1967,8.0,9,Depositado
2025-06-05,06:12,mañana,19.5488,16.29,1968,7.5,3,Depositado
2025-06-05,07:15,mañana,20.7065,16.49,1973,7.5,5,Depositado
2025-06-05,08:14,mañana,19.8203,16.0,1945,6.5,1,Depositado
2025-06-05,09:09,mañana,20.0844,19.37,1657,7.0,4,Depositado
2025-06-05,10:24,mañana,20.4706,20.33,1652,7.0,8,Depositado
2025-06-05,11:40,mañana,20.2456,19.77,1570,5.5,2,Depositado
2025-06-05,12:41,mañana,20.7339,22.48,1353,5.0,3,Depositado
2025-06-05,13:55,mañana,20.7053,24.44,1218,4.5,3,Depositado
2025-06-05,14:38,mañana,20.8075,25.94,1073,4.0,1,Depositado
2025-06-05,14:24,tarde,22.3115,26.56,1139,5.0,6,Depositado
2025-06-05,15:52,tarde,22.5151,25.88,1129,4.0,3,Depositado
2025-06-05,16:33,tarde,21.3611,24.25,1240,5.0,4,Depositado
2025-06-05,17:07,tarde,20.6478,21.95,1467,5.5,3,Depositado
2025-06-05,18:19,tarde,22.3626,23.33,1244,4.0,0,Depositado
2025-06-05,19:30,tarde,22.2118,21.2,1482,6.0,6,Depositado
2025-06-05,20:39,tarde,22.6487,21.93,1401,5.0,1,Depositado
2025-06-05,21:26,tarde,21.7338,19.97,1695,8.0,9,Depositado
2025-06-05,22:04,tarde,22.3073,18.62,1675,6.0,3,Depositado
2025-06-05,22:34,noche,21.6287,19.77,1667,7.5,8,Depositado
2025-06-05,23:59,noche,20.1032,19.71,1709,8.0,10,Depositado
2025-06-05,00:49,noche,21.1507,18.74,1726,7.0,5,Depositado
2025-06-05,01:55,noche,20.514,15.82,2031,7.5,4,Depositado
2025-06-05,02:44,noche,20.5948,17.41,1845,7.5,4,Depositado
2025-06-05,03:48,noche,20.5592,18.74,1735,7.0,4,Depositado
2025-06-05,04:33,noche,19.7419,16.56,1922,7.0,2,Depositado
2025-06-05,05:23,noche,20.8386,17.23,1887,8.0,6,Depositado
2025-06-05,06:44,noche,20.7431,15.67,2023,8.0,4,Depositado
2025-06-06,06:49,mañana,20.9093,17.54,1807,6.5,2,Depositado
2025-06-06,07:21,mañana,19.1672,17.2,1973,8.0,11,Depositado
2025-06-06,08:04,mañana,21.1205,17.59,1872,8.0,6,Depositado
2025-06-06,09:45,mañana,20.62,19.86,1646,6.5,6,Depositado
2025-06-06,10:42,mañana,19.7213,21.46,1441,5.5,3,Depositado
2025-06-06,11:25,mañana,19.9238,21.14,1422,4.5,1,Depositado
2025-06-06,12:29,mañana,19.8408,24.85,1147,4.0,1,Depositado
2025-06-06,13:58,mañana,19.7832,24.03,1222,4.5,3,Depositado
2025-06-06,14:39,mañana,20.868,25.38,1253,5.5,9,Depositado
2025-06-06,14:00,tarde,21.1262,24.68,1217,5.0,6,Depositado
2025-06-06,15:14,tarde,21.7056,28.03,1072,5.5,10,Depositado
2025-06-06,16:14,tarde,22.4444,24.95,1284,6.5,10,Depositado
2025-06-06,17:36,tarde,21.443,25.01,1182,4.5,5,Depositado
2025-06-06,18:43,tarde,22.8119,24.16,1220,4.0,1,Depositado
2025-06-06,19:47,tarde,22.7112,21.42,1509,6.0,5,Depositado
2025-06-06,20:30,tarde,22.093,20.96,1523,6.0,5,Depositado
2025-06-06,21:45,tarde,22.8781,20.83,1504,6.5,4,Depositado
2025-06-06,22:18,tarde,20.7909,19.25,1645,6.0,4,Depositado
2025-06-06,22:57,noche,20.6436,20.34,1596,6.5,7,Depositado
2025-06-06,23:24,noche,19.6988,20.64,1487,5.5,1,Depositado
2025-06-06,00:38,noche,20.0157,17.92,1793,7.0,3,Depositado
2025-06-06,01:28,noche,20.982,17.46,1950,8.0,10,Depositado
2025-06-06,02:32,noche,20.5115,17.35,1835,6.5,2,Depositado
2025-06-06,03:08,noche,21.1933,18.43,1771,7.0,5,Depositado
2025-06-06,04:37,noche,20.5107,17.47,1881,7.5,4,Depositado
2025-06-06,05:18,noche,19.6695,17.05,1911,7.5,5,Depositado
2025-06-06,06:19,noche,20.1566,14.14,2228,8.0,4,Depositado
2025-06-09,06:24,mañana,19.6265,14.7,2347,8.0,15,Depositado
2025-06-09,07:23,mañana,20.3788,19.0,1687,6.5,4,Depositado
2025-06-09,08:07,mañana,20.2698,16.67,1916,7.0,3,Depositado
2025-06-09,09:30,mañana,20.7408,20.42,1535,5.5,2,Depositado
2025-06-09,10:04,mañana,21.1496,22.19,1359,5.0,1,Depositado
2025-06-09,11:24,mañana,20.5941,21.29,1474,6.0,3,Depositado
2025-06-09,12:09,mañana,19.7635,21.57,1438,5.5,3,Depositado
2025-06-09,13:38,mañana,21.2491,22.26,1377,5.5,3,Depositado
2025-06-09,14:33,mañana,19.7108,25.8,1173,5.5,6,Depositado
2025-06-09,14:59,tarde,20.8803,26.18,1076,4.0,1,Depositado
2025-06-09,15:24,tarde,21.7373,26.26,1125,4.5,5,Depositado
2025-06-09,16:43,tarde,23.2844,25.73,1115,5.0,5,Depositado
2025-06-09,17:13,tarde,22.2098,23.75,1210,4.0,0,Depositado
2025-06-09,18:11,tarde,22.2381,21.92,1487,7.0,7,Depositado
2025-06-09,19:18,tarde,21.5945,22.85,1334,5.5,4,Depositado
2025-06-09,20:00,tarde,21.0038,20.71,1514,5.5,1,Depositado
2025-06-09,21:29,tarde,22.1527,23.71,1347,5.5,6,Depositado
2025-06-09,22:23,tarde,21.081,18.69,1689,6.0,0,Depositado
2025-06-09,22:09,noche,19.4507,21.23,1435,4.5,0,Depositado
2025-06-09,23:11,noche,20.0399,18.98,1697,7.0,4,Depositado
2025-06-09,00:42,noche,20.2609,20.15,1673,8.0,10,Depositado
2025-06-09,01:30,noche,19.1066,17.15,1889,7.0,4,Depositado
2025-06-09,02:53,noche,20.6106,19.02,1780,7.0,7,Depositado
2025-06-09,03:17,noche,21.0747,17.56,1879,7.5,4,Depositado
2025-06-09,04:15,noche,19.391,17.09,1923,8.0,6,Depositado
2025-06-09,05:03,noche,21.5062,16.19,1985,8.0,3,Depositado
2025-06-09,06:43,noche,20.8099,16.63,1947,8.0,5,Depositado
2025-06-10,06:00,mañana,21.2402,16.35,1957,7.5,3,Depositado
2025-06-10,07:48,mañana,19.7095,18.35,1750,6.5,3,Depositado
2025-06-10,08:47,mañana,20.9255,18.24,1745,6.0,0,Depositado
2025-06-10,09:56,mañana,20.5706,19.64,1668,6.5,5,Depositado
2025-06-10,10:06,mañana,19.6848,21.13,1495,5.5,4,Depositado
2025-06-10,11:05,mañana,20.9555,20.88,1530,6.5,5,Depositado
2025-06-10,12:14,mañana,19.5401,24.02,1272,5.5,5,Depositado
2025-06-10,13:51,mañana,20.4801,24.32,1230,4.0,1,Depositado
2025-06-10,14:57,mañana,19.8974,26.57,1082,4.0,4,Depositado
2025-06-10,14:02,tarde,22.992,26.8,1014,4.0,1,Depositado
2025-06-10,15:17,tarde,23.3501,25.48,1232,6.0,9,Depositado
2025-06-10,16:30,tarde,21.7918,23.84,1280,5.0,5,Depositado
2025-06-10,17:54,tarde,22.5564,22.29,1438,6.0,5,Depositado
2025-06-10,18:40,tarde,21.4412,24.21,1274,5.0,4,Depositado
2025-06-10,19:47,tarde,21.973,22.43,1348,5.0,1,Depositado
2025-06-10,20:56,tarde,21.3085,21.97,1363,4.0,0,Depositado
2025-06-10,21:46,tarde,20.7144,22.67,1323,4.5,3,Depositado
2025-06-10,22:57,tarde,22.9733,20.78,1622,7.5,8,Depositado
2025-06-10,22:18,noche,20.4706,19.86,1553,6.0,1,Depositado
2025-06-10,23:33,noche,19.8617,20.34,1568,6.0,5,Depositado
2025-06-10,00:06,noche,20.4919,17.48,1841,7.0,4,Depositado
2025-06-10,01:40,noche,21.5618,17.15,1874,7.0,4,Depositado
2025-06-10,02:35,noche,21.1922,18.52,1726,7.0,4,Depositado
2025-06-10,03:05,noche,19.6512,17.26,1778,6.0,0,Depositado
2025-06-10,04:54,noche,21.7439,19.03,1782,8.0,11,Depositado
2025-06-10,05:36,noche,20.6471,16.4,1913,6.5,1,Depositado
2025-06-10,06:16,noche,19.7751,15.81,2014,7.0,1,Depositado
