Fecha,Hora,Turno,Peso (g),Temperatura (°C),Viscosidad (mPa.s),Presión (bar),Etapa
2024-09-09,06:05,mañana,4.0447,14.01,12000,9.0,Mermelada
2024-09-09,07:46,mañana,4.9748,15.47,10735,9.0,Mermelada
2024-09-09,08:10,mañana,5.0249,18.07,8515,9.0,Mermelada
2024-09-09,09:55,mañana,4.6978,19.01,7681,9.0,Mermelada
2024-09-09,10:04,mañana,5.8229,20.12,6707,8.46,Mermelada
2024-09-09,11:58,mañana,6.4377,22.63,4669,6.34,Mermelada
2024-09-09,12:54,mañana,4.673,24.85,2648,5.0,Mermelada
2024-09-09,13:22,mañana,4.9731,26.22,1499,5.0,Mermelada
2024-09-09,14:50,mañana,4.8362,27.0,811,5.0,Mermelada
2024-09-09,14:23,tarde,4.9647,27.0,800,5.0,Mermelada
2024-09-09,15:02,tarde,5.1077,26.27,1480,5.0,Mermelada
2024-09-09,16:08,tarde,4.9951,26.04,1666,5.0,Mermelada
2024-09-09,17:16,tarde,7.0174,22.94,4249,6.15,Mermelada
2024-09-09,18:24,tarde,6.4479,23.4,3935,5.68,Mermelada
2024-09-09,19:20,tarde,7.7349,21.6,5479,7.1,Mermelada
2024-09-09,20:01,tarde,7.179,22.44,4725,6.4,Mermelada
2024-09-09,21:57,tarde,5.6432,19.52,7268,8.69,Mermelada
2024-09-09,22:05,tarde,6.0862,20.34,6493,8.11,Mermelada
2024-09-09,22:07,noche,4.607,19.44,7325,8.81,Mermelada
2024-09-09,23:27,noche,5.5938,18.92,7777,9.0,Mermelada
2024-09-09,00:05,noche,5.2124,18.11,8467,9.0,Mermelada
2024-09-09,01:38,noche,4.6009,18.95,7674,9.0,Mermelada
2024-09-09,02:59,noche,4.3783,16.76,9614,9.0,Mermelada
2024-09-09,03:34,noche,4.9336,16.99,9521,9.0,Mermelada
2024-09-09,04:09,noche,4.3514,14.62,11424,9.0,Mermelada
2024-09-09,05:34,noche,4.2585,15.43,10779,9.0,Mermelada
2024-09-09,06:18,noche,4.87,14.0,12000,9.0,Mermelada
2024-09-10,06:06,mañana,5.2897,14.0,11952,9.0,Mermelada
2024-09-10,07:18,mañana,4.5797,15.41,10830,9.0,Mermelada
2024-09-10,08:49,mañana,4.2963,16.77,9635,9.0,Mermelada
2024-09-10,09:58,mañana,5.8557,20.07,6781,8.39,Mermelada
2024-09-10,10:59,mañana,6.9509,21.31,5685,7.61,Mermelada
2024-09-10,11:44,mañana,7.6237,21.36,5591,7.64,Mermelada
2024-09-10,12:44,mañana,5.3479,23.39,3981,5.56,Mermelada
2024-09-10,13:59,mañana,5.5333,25.17,2365,5.0,Mermelada
2024-09-10,14:46,mañana,4.4846,27.0,800,5.0,Mermelada
2024-09-10,14:45,tarde,5.1552,26.33,1426,5.0,Mermelada
2024-09-10,15:34,tarde,5.5562,26.03,1619,5.0,Mermelada
2024-09-10,16:31,tarde,4.834,24.75,2755,5.0,Mermelada
2024-09-10,17:17,tarde,5.1022,26.25,1539,5.0,Mermelada
2024-09-10,18:38,tarde,4.4637,24.5,2916,5.0,Mermelada
2024-09-10,19:47,tarde,6.8225,21.72,5302,7.02,Mermelada
2024-09-10,20:31,tarde,5.1012,20.34,6631,8.85,Mermelada
2024-09-10,21:14,tarde,7.8239,22.26,4838,6.55,Mermelada
2024-09-10,22:09,tarde,5.3218,18.97,7706,9.0,Mermelada
2024-09-10,22:17,noche,6.5143,20.94,6025,7.78,Mermelada
2024-09-10,23:44,noche,5.6044,19.11,7592,9.0,Mermelada
2024-09-10,00:52,noche,5.0,18.16,8361,9.0,Mermelada
2024-09-10,01:24,noche,4.6494,17.53,8984,9.0,Mermelada
2024-09-10,02:55,noche,4.7063,17.17,9256,9.0,Mermelada
2024-09-10,03:19,noche,4.7333,15.19,10964,9.0,Mermelada
2024-09-10,04:30,noche,4.0,14.08,11944,9.0,Mermelada
2024-09-10,05:30,noche,5.0449,14.54,11480,9.0,Mermelada
2024-09-10,06:21,noche,5.2929,15.5,10763,9.0,Mermelada
2024-09-11,06:29,mañana,4.8922,14.21,11826,9.0,Mermelada
2024-09-11,07:39,mañana,4.9392,15.58,10626,9.0,Mermelada
2024-09-11,08:37,mañana,4.5462,16.51,9830,9.0,Mermelada
2024-09-11,09:43,mañana,5.9854,20.08,6730,8.17,Mermelada
2024-09-11,10:43,mañana,4.7593,20.38,6559,8.32,Mermelada
2024-09-11,11:35,mañana,6.1679,22.33,4846,6.92,Mermelada
2024-09-11,12:08,mañana,6.9823,22.94,4373,6.22,Mermelada
2024-09-11,13:55,mañana,5.0285,25.66,2009,5.0,Mermelada
2024-09-11,14:38,mañana,5.245,26.47,1253,5.0,Mermelada
2024-09-11,14:16,tarde,4.9217,26.38,1405,5.0,Mermelada
2024-09-11,15:36,tarde,5.4493,27.0,843,5.0,Mermelada
2024-09-11,16:28,tarde,5.9914,23.74,3685,5.41,Mermelada
2024-09-11,17:43,tarde,7.6037,22.63,4527,6.39,Mermelada
2024-09-11,18:49,tarde,7.5551,21.18,5820,7.42,Mermelada
2024-09-11,19:39,tarde,7.7698,22.39,4809,6.61,Mermelada
2024-09-11,20:59,tarde,8.1126,21.8,5323,6.96,Mermelada
2024-09-11,21:00,tarde,5.0679,19.89,6857,8.2,Mermelada
2024-09-11,22:00,tarde,6.4699,20.18,6690,8.55,Mermelada
2024-09-11,22:27,noche,5.7717,20.74,6150,7.71,Mermelada
2024-09-11,23:12,noche,4.3785,18.56,8116,9.0,Mermelada
2024-09-11,00:30,noche,5.2701,18.31,8278,9.0,Mermelada
2024-09-11,01:03,noche,4.963,17.07,9298,9.0,Mermelada
2024-09-11,02:15,noche,4.248,17.42,9122,9.0,Mermelada
2024-09-11,03:38,noche,4.6903,16.55,9857,9.0,Mermelada
2024-09-11,04:41,noche,5.2894,17.93,8618,9.0,Mermelada
2024-09-11,05:24,noche,4.2614,14.56,11516,9.0,Mermelada
2024-09-11,06:50,noche,5.2175,14.0,11977,9.0,Mermelada
2024-09-12,06:13,mañana,4.4123,14.0,12000,9.0,Mermelada
2024-09-12,07:35,mañana,4.6653,15.7,10591,9.0,Mermelada
2024-09-12,08:39,mañana,5.1623,18.7,8018,9.0,Mermelada
2024-09-12,09:51,mañana,5.1574,18.24,8365,9.0,Mermelada
2024-09-12,10:30,mañana,6.6827,21.3,5697,7.49,Mermelada
2024-09-12,11:43,mañana,7.8023,20.97,5892,7.3,Mermelada
2024-09-12,12:18,mañana,4.8784,23.69,3573,5.0,Mermelada
2024-09-12,13:04,mañana,4.8559,25.2,2373,5.0,Mermelada
2024-09-12,14:59,mañana,5.0715,26.99,849,5.0,Mermelada
2024-09-12,14:42,tarde,5.6192,27.0,800,5.0,Mermelada
2024-09-12,15:09,tarde,5.3019,26.52,1289,5.0,Mermelada
2024-09-12,16:55,tarde,5.6665,24.47,3006,5.0,Mermelada
2024-09-12,17:09,tarde,5.6628,23.27,3972,5.45,Mermelada
2024-09-12,18:33,tarde,6.566,23.26,4031,5.63,Mermelada
2024-09-12,19:38,tarde,7.0968,23.21,4083,6.29,Mermelada
2024-09-12,20:18,tarde,6.6858,20.36,6474,8.12,Mermelada
2024-09-12,21:35,tarde,6.8393,21.12,5901,7.55,Mermelada
2024-09-12,22:25,tarde,5.6087,19.23,7509,8.92,Mermelada
2024-09-12,22:18,noche,5.7429,21.54,5490,7.28,Mermelada
2024-09-12,23:17,noche,4.4433,18.35,8286,9.0,Mermelada
2024-09-12,00:57,noche,4.9881,18.25,8422,9.0,Mermelada
2024-09-12,01:49,noche,5.0062,16.03,10232,9.0,Mermelada
2024-09-12,02:44,noche,5.1596,15.88,10407,9.0,Mermelada
2024-09-12,03:13,noche,4.0835,16.31,10048,9.0,Mermelada
2024-09-12,04:33,noche,4.7729,15.05,11111,9.0,Mermelada
2024-09-12,05:00,noche,5.0992,14.61,11488,9.0,Mermelada
2024-09-12,06:51,noche,4.6852,14.0,12000,9.0,Mermelada
2024-09-13,06:45,mañana,5.1794,14.75,11304,9.0,Mermelada
2024-09-13,07:24,mañana,4.6528,16.62,9649,9.0,Mermelada
2024-09-13,08:32,mañana,5.0607,17.1,9356,9.0,Mermelada
2024-09-13,09:53,mañana,5.9935,20.02,6795,8.4,Mermelada
2024-09-13,10:11,mañana,5.6646,18.65,7999,9.0,Mermelada
2024-09-13,11:59,mañana,6.3411,23.21,4014,5.94,Mermelada
2024-09-13,12:18,mañana,5.0094,24.69,2776,5.0,Mermelada
2024-09-13,13:27,mañana,4.3695,24.68,2791,5.0,Mermelada
2024-09-13,14:53,mañana,4.7137,24.94,2611,5.0,Mermelada
2024-09-13,14:54,tarde,5.3862,26.93,881,5.0,Mermelada
2024-09-13,15:35,tarde,4.9174,26.97,888,5.0,Mermelada
2024-09-13,16:47,tarde,5.2893,26.69,1040,5.0,Mermelada
2024-09-13,17:08,tarde,6.0123,22.67,4491,5.81,Mermelada
2024-09-13,18:02,tarde,5.3041,24.18,3219,5.0,Mermelada
2024-09-13,19:53,tarde,7.2628,22.56,4614,6.51,Mermelada
2024-09-13,20:41,tarde,6.6684,21.22,5766,7.22,Mermelada
2024-09-13,21:33,tarde,6.0444,20.3,6632,7.81,Mermelada
2024-09-13,22:46,tarde,6.6445,20.93,6069,7.52,Mermelada
2024-09-13,22:11,noche,6.0886,20.14,6721,8.39,Mermelada
2024-09-13,23:09,noche,5.4046,18.52,7994,9.0,Mermelada
2024-09-13,00:13,noche,5.0392,17.64,8911,9.0,Mermelada
2024-09-13,01:35,noche,4.3925,16.94,9469,9.0,Mermelada
2024-09-13,02:58,noche,5.1969,18.69,7915,9.0,Mermelada
2024-09-13,03:36,noche,5.0597,17.35,9149,9.0,Mermelada
2024-09-13,04:51,noche,5.1942,14.67,11398,9.0,Mermelada
2024-09-13,05:01,noche,4.7504,16.57,9802,9.0,Mermelada
2024-09-13,06:46,noche,4.4965,14.0,12000,9.0,Mermelada
2024-09-16,06:08,mañana,4.7125,15.22,10995,9.0,Mermelada
2024-09-16,07:05,mañana,4.1264,14.77,11333,9.0,Mermelada
2024-09-16,08:52,mañana,5.254,17.78,8654,9.0,Mermelada
2024-09-16,09:09,mañana,5.4894,19.42,7292,8.69,Mermelada
2024-09-16,10:13,mañana,6.4934,21.59,5515,7.19,Mermelada
2024-09-16,11:08,mañana,6.9816,22.09,4999,6.8,Mermelada
2024-09-16,12:25,mañana,5.8255,23.65,3663,5.54,Mermelada
2024-09-16,13:21,mañana,4.1537,26.14,1482,5.0,Mermelada
2024-09-16,14:57,mañana,4.0,27.0,800,5.0,Mermelada
2024-09-16,14:32,tarde,4.706,26.99,800,5.0,Mermelada
2024-09-16,15:46,tarde,5.2026,27.0,800,5.0,Mermelada
2024-09-16,16:55,tarde,5.0208,25.57,2190,5.0,Mermelada
2024-09-16,17:53,tarde,5.9598,23.85,3558,5.39,Mermelada
2024-09-16,18:19,tarde,6.489,22.36,4834,6.39,Mermelada
2024-09-16,19:09,tarde,7.1255,22.18,4993,6.46,Mermelada
2024-09-16,20:27,tarde,6.0533,21.18,5847,7.55,Mermelada
2024-09-16,21:15,tarde,7.0451,20.71,6210,7.88,Mermelada
2024-09-16,22:36,tarde,5.0205,18.65,8009,9.0,Mermelada
2024-09-16,22:58,noche,4.9461,18.56,8039,9.0,Mermelada
2024-09-16,23:27,noche,4.385,19.3,7389,9.0,Mermelada
2024-09-16,00:09,noche,4.7007,18.77,7886,9.0,Mermelada
2024-09-16,01:24,noche,4.4764,16.74,9640,9.0,Mermelada
2024-09-16,02:07,noche,5.2913,17.59,8878,9.0,Mermelada
2024-09-16,03:34,noche,4.5818,16.14,10225,9.0,Mermelada
2024-09-16,04:52,noche,5.3179,15.15,10981,9.0,Mermelada
2024-09-16,05:27,noche,4.751,14.79,11319,9.0,Mermelada
2024-09-16,06:31,noche,4.2404,15.74,10520,9.0,Mermelada
2024-09-17,06:09,mañana,4.7923,15.08,11083,9.0,Mermelada
2024-09-17,07:15,mañana,4.0,16.43,9891,9.0,Mermelada
2024-09-17,08:08,mañana,4.1109,14.22,11834,9.0,Mermelada
2024-09-17,09:49,mañana,5.0124,19.48,7256,9.0,Mermelada
2024-09-17,10:38,mañana,7.0934,21.4,5574,7.27,Mermelada
2024-09-17,11:47,mañana,6.7474,21.26,5705,7.6,Mermelada
2024-09-17,12:26,mañana,4.8424,23.85,3542,5.17,Mermelada
2024-09-17,13:09,mañana,5.1073,25.64,1902,5.0,Mermelada
2024-09-17,14:31,mañana,4.2705,27.0,819,5.0,Mermelada
2024-09-17,14:20,tarde,5.7278,26.95,816,5.0,Mermelada
2024-09-17,15:44,tarde,5.2547,26.32,1427,5.0,Mermelada
2024-09-17,16:44,tarde,5.2843,24.71,2752,5.0,Mermelada
2024-09-17,17:19,tarde,6.0505,24.72,2786,5.0,Mermelada
2024-09-17,18:40,tarde,7.5642,21.94,5108,6.86,Mermelada
2024-09-17,19:16,tarde,5.8412,23.02,4253,6.16,Mermelada
2024-09-17,20:17,tarde,7.1031,20.69,6240,8.12,Mermelada
2024-09-17,21:26,tarde,6.3975,20.75,6186,8.06,Mermelada
2024-09-17,22:41,tarde,5.4886,19.67,7163,8.91,Mermelada
2024-09-17,22:48,noche,5.1368,20.11,6687,8.42,Mermelada
2024-09-17,23:14,noche,5.6679,19.22,7621,8.91,Mermelada
2024-09-17,00:36,noche,5.5211,18.79,7897,9.0,Mermelada
2024-09-17,01:38,noche,4.4877,18.31,8251,9.0,Mermelada
2024-09-17,02:27,noche,4.7589,17.67,8830,9.0,Mermelada
2024-09-17,03:47,noche,5.6184,14.81,11310,9.0,Mermelada
2024-09-17,04:52,noche,4.7553,16.39,9935,9.0,Mermelada
2024-09-17,05:55,noche,4.8081,14.52,11483,9.0,Mermelada
2024-09-17,06:09,noche,4.278,14.0,12000,9.0,Mermelada
2024-09-18,06:25,mañana,5.1317,15.72,10544,9.0,Mermelada
2024-09-18,07:17,mañana,4.9898,16.35,10001,9.0,Mermelada
2024-09-18,08:27,mañana,5.2487,16.02,10328,9.0,Mermelada
2024-09-18,09:42,mañana,5.3315,18.13,8446,9.0,Mermelada
2024-09-18,10:48,mañana,6.1458,20.57,6294,8.06,Mermelada
2024-09-18,11:05,mañana,7.0889,21.88,5199,7.29,Mermelada
2024-09-18,12:26,mañana,6.685,22.16,4925,6.63,Mermelada
2024-09-18,13:02,mañana,4.8475,26.19,1497,5.0,Mermelada
2024-09-18,14:05,mañana,4.6,27.0,800,5.0,Mermelada
2024-09-18,14:38,tarde,5.5486,27.0,800,5.0,Mermelada
2024-09-18,15:45,tarde,5.2808,26.8,947,5.0,Mermelada
2024-09-18,16:57,tarde,6.4989,23.03,4159,5.89,Mermelada
2024-09-18,17:58,tarde,6.676,23.28,4128,6.27,Mermelada
2024-09-18,18:55,tarde,6.3492,22.46,4658,6.41,Mermelada
2024-09-18,19:36,tarde,7.0168,22.96,4305,5.83,Mermelada
2024-09-18,20:50,tarde,7.232,20.78,6142,7.89,Mermelada
2024-09-18,21:03,tarde,8.8557,22.35,4797,6.71,Mermelada
2024-09-18,22:27,tarde,6.6559,20.58,6281,7.69,Mermelada
2024-09-18,22:11,noche,4.9523,19.49,7234,8.71,Mermelada
2024-09-18,23:31,noche,5.397,20.02,6790,8.39,Mermelada
2024-09-18,00:21,noche,4.2726,16.21,10006,9.0,Mermelada
2024-09-18,01:11,noche,4.5763,18.63,8031,9.0,Mermelada
2024-09-18,02:51,noche,5.0794,17.77,8721,9.0,Mermelada
2024-09-18,03:55,noche,4.3011,14.86,11264,9.0,Mermelada
2024-09-18,04:10,noche,5.1634,15.91,10383,9.0,Mermelada
2024-09-18,05:01,noche,4.4676,15.22,11001,9.0,Mermelada
2024-09-18,06:35,noche,5.072,14.0,11922,9.0,Mermelada
2024-09-19,06:23,mañana,4.5043,14.0,11969,9.0,Mermelada
2024-09-19,07:27,mañana,5.0045,16.16,10191,9.0,Mermelada
2024-09-19,08:46,mañana,5.0538,17.14,9249,9.0,Mermelada
2024-09-19,09:33,mañana,6.0635,20.25,6690,8.25,Mermelada
2024-09-19,10:55,mañana,5.4698,20.09,6833,8.53,Mermelada
2024-09-19,11:34,mañana,6.7963,21.2,5694,7.57,Mermelada
2024-09-19,12:34,mañana,6.6278,23.07,4286,6.23,Mermelada
2024-09-19,13:47,mañana,5.3272,24.88,2521,5.0,Mermelada
2024-09-19,14:04,mañana,4.0889,25.86,1735,5.0,Mermelada
2024-09-19,14:57,tarde,4.7222,27.0,800,5.0,Mermelada
2024-09-19,15:56,tarde,5.4635,25.13,2455,5.0,Mermelada
2024-09-19,16:22,tarde,5.669,26.03,1658,5.0,Mermelada
2024-09-19,17:37,tarde,6.7958,23.27,4025,6.02,Mermelada
2024-09-19,18:40,tarde,5.7896,23.96,3327,5.0,Mermelada
2024-09-19,19:13,tarde,6.3628,23.88,3519,5.89,Mermelada
2024-09-19,20:48,tarde,8.4777,22.27,4848,6.4,Mermelada
2024-09-19,21:12,tarde,6.4118,21.26,5736,7.55,Mermelada
2024-09-19,22:42,tarde,7.6243,21.7,5389,7.03,Mermelada
2024-09-19,22:42,noche,5.8017,20.45,6354,8.2,Mermelada
2024-09-19,23:23,noche,5.3069,18.65,8061,9.0,Mermelada
2024-09-19,00:32,noche,5.1393,19.2,7441,9.0,Mermelada
2024-09-19,01:49,noche,5.3687,18.15,8437,9.0,Mermelada
2024-09-19,02:45,noche,5.2474,16.73,9564,9.0,Mermelada
2024-09-19,03:28,noche,5.2505,15.94,10281,9.0,Mermelada
2024-09-19,04:05,noche,4.477,14.42,11730,9.0,Mermelada
2024-09-19,05:02,noche,4.4413,14.05,12000,9.0,Mermelada
2024-09-19,06:55,noche,4.5282,14.2,11844,9.0,Mermelada
2024-09-20,06:03,mañana,4.9705,14.0,12000,9.0,Mermelada
2024-09-20,07:07,mañana,4.7701,16.76,9672,9.0,Mermelada
2024-09-20,08:20,mañana,4.8533,16.99,9439,9.0,Mermelada
2024-09-20,09:10,mañana,5.2668,19.93,6922,8.69,Mermelada
2024-09-20,10:40,mañana,5.0772,19.43,7242,8.91,Mermelada
2024-09-20,11:56,mañana,5.6647,19.77,7081,8.56,Mermelada
2024-09-20,12:26,mañana,6.3147,24.06,3324,5.23,Mermelada
2024-09-20,13:01,mañana,4.9636,24.81,2674,5.0,Mermelada
2024-09-20,14:28,mañana,4.8439,27.0,800,5.0,Mermelada
2024-09-20,14:18,tarde,5.3971,27.0,800,5.0,Mermelada
2024-09-20,15:20,tarde,4.4944,25.24,2244,5.0,Mermelada
2024-09-20,16:23,tarde,7.1335,23.66,3667,5.46,Mermelada
2024-09-20,17:11,tarde,5.4064,25.37,2224,5.0,Mermelada
2024-09-20,18:10,tarde,6.0482,23.71,3566,5.47,Mermelada
2024-09-20,19:42,tarde,6.925,22.18,4901,6.59,Mermelada
2024-09-20,20:34,tarde,8.2823,21.28,5701,7.28,Mermelada
2024-09-20,21:44,tarde,8.447,21.12,5762,7.47,Mermelada
2024-09-20,22:21,tarde,7.7424,20.9,5955,7.32,Mermelada
2024-09-20,22:07,noche,5.0253,20.44,6359,7.78,Mermelada
2024-09-20,23:26,noche,4.8814,18.86,7868,9.0,Mermelada
2024-09-20,00:53,noche,5.2434,17.86,8698,9.0,Mermelada
2024-09-20,01:38,noche,4.5172,18.08,8520,9.0,Mermelada
2024-09-20,02:50,noche,4.7934,17.58,8962,9.0,Mermelada
2024-09-20,03:49,noche,4.7448,14.89,11197,9.0,Mermelada
2024-09-20,04:36,noche,4.0376,14.21,11790,9.0,Mermelada
2024-09-20,05:00,noche,4.4504,14.93,11243,9.0,Mermelada
2024-09-20,06:40,noche,4.2914,14.0,11943,9.0,Mermelada
2024-09-23,06:20,mañana,4.4963,14.59,11411,9.0,Mermelada
2024-09-23,07:57,mañana,4.6953,15.79,10388,9.0,Mermelada
2024-09-23,08:34,mañana,4.9324,16.38,10005,9.0,Mermelada
2024-09-23,09:34,mañana,5.2966,18.44,8094,9.0,Mermelada
2024-09-23,10:10,mañana,4.7706,19.3,7362,8.94,Mermelada
2024-09-23,11:11,mañana,7.6219,22.63,4580,6.4,Mermelada
2024-09-23,12:59,mañana,4.9145,24.52,3004,5.0,Mermelada
2024-09-23,13:43,mañana,4.7141,26.41,1318,5.0,Mermelada
2024-09-23,14:38,mañana,5.0288,26.84,938,5.0,Mermelada
2024-09-23,14:15,tarde,5.4132,27.0,816,5.0,Mermelada
2024-09-23,15:26,tarde,5.7263,26.85,988,5.0,Mermelada
2024-09-23,16:46,tarde,5.3896,24.94,2538,5.0,Mermelada
2024-09-23,17:09,tarde,4.8906,24.17,3235,5.05,Mermelada
2024-09-23,18:56,tarde,6.9189,22.75,4390,6.19,Mermelada
2024-09-23,19:51,tarde,7.6659,21.92,5237,7.07,Mermelada
2024-09-23,20:23,tarde,7.4832,21.24,5676,7.54,Mermelada
2024-09-23,21:23,tarde,7.8831,22.08,5096,6.69,Mermelada
2024-09-23,22:21,tarde,6.0671,19.65,7126,8.42,Mermelada
2024-09-23,22:14,noche,5.5345,19.88,6949,8.43,Mermelada
2024-09-23,23:46,noche,4.6113,17.78,8715,9.0,Mermelada
2024-09-23,00:27,noche,4.704,18.4,8198,9.0,Mermelada
2024-09-23,01:20,noche,4.8526,16.0,10253,9.0,Mermelada
2024-09-23,02:24,noche,4.5939,16.97,9451,9.0,Mermelada
2024-09-23,03:46,noche,4.4104,14.69,11415,9.0,Mermelada
2024-09-23,04:03,noche,4.9302,15.9,10336,9.0,Mermelada
2024-09-23,05:38,noche,4.3241,14.0,12000,9.0,Mermelada
2024-09-23,06:49,noche,5.2247,14.06,11875,9.0,Mermelada
2024-09-24,06:10,mañana,4.604,14.63,11408,9.0,Mermelada
2024-09-24,07:02,mañana,4.4646,15.56,10647,9.0,Mermelada
2024-09-24,08:37,mañana,4.8071,16.75,9622,9.0,Mermelada
2024-09-24,09:25,mañana,5.1857,19.97,6792,8.57,Mermelada
2024-09-24,10:09,mañana,5.5316,20.43,6435,8.27,Mermelada
2024-09-24,11:39,mañana,7.7794,21.4,5679,7.5,Mermelada
2024-09-24,12:54,mañana,4.7509,24.16,3248,5.0,Mermelada
2024-09-24,13:33,mañana,5.4113,24.11,3283,5.0,Mermelada
2024-09-24,14:40,mañana,4.3107,27.0,800,5.0,Mermelada
2024-09-24,14:32,tarde,4.7256,27.0,800,5.0,Mermelada
2024-09-24,15:29,tarde,5.4491,26.6,1026,5.0,Mermelada
2024-09-24,16:58,tarde,5.3602,24.67,2862,5.0,Mermelada
2024-09-24,17:57,tarde,6.7784,22.93,4292,6.02,Mermelada
2024-09-24,18:58,tarde,5.7893,23.79,3550,5.3,Mermelada
2024-09-24,19:10,tarde,5.9614,22.86,4366,6.34,Mermelada
2024-09-24,20:43,tarde,8.5076,21.87,5200,7.07,Mermelada
2024-09-24,21:17,tarde,5.6818,19.27,7499,9.0,Mermelada
2024-09-24,22:13,tarde,8.1632,21.52,5476,7.15,Mermelada
2024-09-24,22:18,noche,5.4259,19.73,7091,8.72,Mermelada
2024-09-24,23:24,noche,5.4005,19.36,7354,8.96,Mermelada
2024-09-24,00:24,noche,4.3543,16.83,9456,9.0,Mermelada
2024-09-24,01:10,noche,5.1027,17.63,8883,9.0,Mermelada
2024-09-24,02:01,noche,4.9149,16.75,9620,9.0,Mermelada
2024-09-24,03:31,noche,4.7804,15.82,10504,9.0,Mermelada
2024-09-24,04:36,noche,4.7285,15.43,10800,9.0,Mermelada
2024-09-24,05:53,noche,4.0,14.04,11908,9.0,Mermelada
2024-09-24,06:12,noche,4.925,15.63,10666,9.0,Mermelada
2024-09-25,06:06,mañana,4.1404,14.0,11900,9.0,Mermelada
2024-09-25,07:21,mañana,4.283,14.63,11483,9.0,Mermelada
2024-09-25,08:37,mañana,4.868,15.99,10260,9.0,Mermelada
2024-09-25,09:36,mañana,5.1053,17.9,8615,9.0,Mermelada
2024-09-25,10:31,mañana,5.3887,20.0,6835,8.5,Mermelada
2024-09-25,11:01,mañana,5.5942,21.8,5309,7.14,Mermelada
2024-09-25,12:03,mañana,6.5659,21.79,5336,6.99,Mermelada
2024-09-25,13:36,mañana,4.9086,25.55,1956,5.0,Mermelada
2024-09-25,14:32,mañana,4.2298,26.0,1708,5.0,Mermelada
2024-09-25,14:18,tarde,5.8754,26.19,1559,5.0,Mermelada
2024-09-25,15:11,tarde,4.8758,25.23,2265,5.0,Mermelada
2024-09-25,16:51,tarde,5.2621,23.8,3521,5.18,Mermelada
2024-09-25,17:45,tarde,5.9618,23.25,3994,5.85,Mermelada
2024-09-25,18:45,tarde,6.6416,22.7,4477,6.29,Mermelada
2024-09-25,19:16,tarde,6.9157,22.6,4605,6.35,Mermelada
2024-09-25,20:09,tarde,6.4119,21.42,5615,7.66,Mermelada
2024-09-25,21:45,tarde,7.427,22.09,5058,6.83,Mermelada
2024-09-25,22:06,tarde,5.005,19.32,7399,9.0,Mermelada
2024-09-25,22:44,noche,6.0266,20.58,6345,8.2,Mermelada
2024-09-25,23:06,noche,6.3871,19.66,7120,8.63,Mermelada
2024-09-25,00:44,noche,5.3598,18.47,8161,9.0,Mermelada
2024-09-25,01:02,noche,4.2905,16.93,9539,9.0,Mermelada
2024-09-25,02:09,noche,4.7964,17.32,9217,9.0,Mermelada
2024-09-25,03:58,noche,4.4245,16.33,10019,9.0,Mermelada
2024-09-25,04:58,noche,4.0,14.53,11468,9.0,Mermelada
2024-09-25,05:15,noche,4.7953,14.52,11619,9.0,Mermelada
2024-09-25,06:11,noche,4.2059,14.57,11484,9.0,Mermelada
2024-09-26,06:01,mañana,4.3033,14.79,11350,9.0,Mermelada
2024-09-26,07:39,mañana,4.2379,15.59,10655,9.0,Mermelada
2024-09-26,08:21,mañana,4.8996,16.78,9666,9.0,Mermelada
2024-09-26,09:17,mañana,4.264,17.36,9074,9.0,Mermelada
2024-09-26,10:48,mañana,7.1448,21.55,5512,7.16,Mermelada
2024-09-26,11:26,mañana,5.9987,22.48,4684,6.38,Mermelada
2024-09-26,12:36,mañana,6.4418,22.58,4613,6.12,Mermelada
2024-09-26,13:25,mañana,5.2384,23.66,3701,5.6,Mermelada
2024-09-26,14:23,mañana,4.6329,27.0,839,5.0,Mermelada
2024-09-26,14:55,tarde,5.5411,27.0,831,5.0,Mermelada
2024-09-26,15:18,tarde,5.8394,27.0,800,5.0,Mermelada
2024-09-26,16:02,tarde,5.9678,25.43,2136,5.0,Mermelada
2024-09-26,17:05,tarde,6.0674,24.12,3297,5.24,Mermelada
2024-09-26,18:58,tarde,6.7267,23.41,3895,5.75,Mermelada
2024-09-26,19:23,tarde,7.8299,22.08,5042,6.78,Mermelada
2024-09-26,20:36,tarde,7.5337,22.71,4502,6.74,Mermelada
2024-09-26,21:33,tarde,6.2356,20.23,6645,8.46,Mermelada
2024-09-26,22:18,tarde,7.4838,21.73,5363,6.94,Mermelada
2024-09-26,22:15,noche,6.2026,20.21,6653,8.28,Mermelada
2024-09-26,23:22,noche,4.6316,18.87,7835,9.0,Mermelada
2024-09-26,00:07,noche,5.4193,18.32,8254,9.0,Mermelada
2024-09-26,01:15,noche,4.6537,18.93,7897,9.0,Mermelada
2024-09-26,02:28,noche,4.2519,16.1,10140,9.0,Mermelada
2024-09-26,03:33,noche,4.6068,16.61,9775,9.0,Mermelada
2024-09-26,04:53,noche,4.1069,16.72,9559,9.0,Mermelada
2024-09-26,05:24,noche,4.8007,14.36,11789,9.0,Mermelada
2024-09-26,06:52,noche,4.0,14.0,12000,9.0,Mermelada
2024-09-27,06:41,mañana,4.4554,14.0,11959,9.0,Mermelada
2024-09-27,07:15,mañana,4.5273,16.09,10250,9.0,Mermelada
2024-09-27,08:54,mañana,5.3015,17.25,9238,9.0,Mermelada
2024-09-27,09:47,mañana,4.9424,19.16,7557,9.0,Mermelada
2024-09-27,10:04,mañana,5.1302,19.82,6946,8.6,Mermelada
2024-09-27,11:43,mañana,8.5153,21.74,5340,7.18,Mermelada
2024-09-27,12:45,mañana,5.8955,23.24,3977,6.11,Mermelada
2024-09-27,13:38,mañana,4.8831,24.83,2669,5.0,Mermelada
2024-09-27,14:11,mañana,4.6935,25.62,2035,5.0,Mermelada
2024-09-27,14:58,tarde,4.8815,25.69,1928,5.0,Mermelada
2024-09-27,15:12,tarde,5.3926,25.66,1897,5.0,Mermelada
2024-09-27,16:28,tarde,5.7188,23.86,3465,5.34,Mermelada
2024-09-27,17:08,tarde,5.4635,24.53,2836,5.0,Mermelada
2024-09-27,18:17,tarde,4.787,24.45,3002,5.0,Mermelada
2024-09-27,19:07,tarde,7.7261,22.5,4680,6.67,Mermelada
2024-09-27,20:34,tarde,6.6871,22.42,4860,6.79,Mermelada
2024-09-27,21:41,tarde,8.5581,21.18,5874,7.74,Mermelada
2024-09-27,22:04,tarde,4.5044,19.53,7209,8.65,Mermelada
2024-09-27,22:46,noche,6.586,21.11,5877,7.83,Mermelada
2024-09-27,23:25,noche,5.6418,19.86,7021,8.64,Mermelada
2024-09-27,00:55,noche,5.0881,18.64,8115,9.0,Mermelada
2024-09-27,01:41,noche,5.5785,19.18,7540,8.65,Mermelada
2024-09-27,02:48,noche,4.2549,17.85,8730,9.0,Mermelada
2024-09-27,03:52,noche,5.7781,16.36,9945,9.0,Mermelada
2024-09-27,04:16,noche,4.0,16.62,9821,9.0,Mermelada
2024-09-27,05:02,noche,4.3745,15.22,10897,9.0,Mermelada
2024-09-27,06:30,noche,4.6594,14.83,11315,9.0,Mermelada
2024-09-30,06:07,mañana,4.9518,14.0,12000,9.0,Mermelada
2024-09-30,07:32,mañana,5.6179,15.71,10508,9.0,Mermelada
2024-09-30,08:55,mañana,5.2612,18.77,7868,9.0,Mermelada
2024-09-30,09:45,mañana,4.0,18.68,8052,9.0,Mermelada
2024-09-30,10:07,mañana,5.7795,20.26,6606,8.24,Mermelada
2024-09-30,11:53,mañana,5.8654,21.0,6006,7.56,Mermelada
2024-09-30,12:43,mañana,5.2838,24.87,2632,5.0,Mermelada
2024-09-30,13:00,mañana,4.9189,24.91,2544,5.0,Mermelada
2024-09-30,14:12,mañana,4.9172,27.0,800,5.0,Mermelada
2024-09-30,14:17,tarde,4.3236,25.41,2181,5.0,Mermelada
2024-09-30,15:47,tarde,5.6353,26.78,907,5.0,Mermelada
2024-09-30,16:57,tarde,5.1465,25.37,2092,5.0,Mermelada
2024-09-30,17:35,tarde,5.7363,24.23,3245,5.51,Mermelada
2024-09-30,18:59,tarde,6.1944,23.46,3800,5.65,Mermelada
2024-09-30,19:14,tarde,7.5733,22.33,4876,6.6,Mermelada
2024-09-30,20:59,tarde,6.9967,22.69,4640,6.31,Mermelada
2024-09-30,21:33,tarde,6.4448,20.91,6027,7.82,Mermelada
2024-09-30,22:46,tarde,6.0562,20.07,6674,7.95,Mermelada
2024-09-30,22:38,noche,4.8037,19.09,7579,9.0,Mermelada
2024-09-30,23:23,noche,5.4975,19.59,7159,8.69,Mermelada
2024-09-30,00:33,noche,4.9736,18.16,8421,9.0,Mermelada
2024-09-30,01:30,noche,4.947,18.88,7750,9.0,Mermelada
2024-09-30,02:41,noche,5.3002,16.87,9533,9.0,Mermelada
2024-09-30,03:49,noche,5.014,16.36,10005,9.0,Mermelada
2024-09-30,04:14,noche,4.0,15.88,10489,9.0,Mermelada
2024-09-30,05:19,noche,4.8534,15.75,10502,9.0,Mermelada
2024-09-30,06:17,noche,4.9549,15.25,10997,9.0,Mermelada
2024-10-01,06:19,mañana,4.6402,14.89,11241,9.0,Mermelada
2024-10-01,07:23,mañana,4.0,15.34,10918,9.0,Mermelada
2024-10-01,08:15,mañana,5.1523,17.99,8471,9.0,Mermelada
2024-10-01,09:41,mañana,5.3759,18.58,8108,9.0,Mermelada
2024-10-01,10:05,mañana,5.7097,20.72,6198,8.08,Mermelada
2024-10-01,11:24,mañana,7.4928,21.74,5360,7.17,Mermelada
2024-10-01,12:50,mañana,5.9626,24.11,3264,5.06,Mermelada
2024-10-01,13:40,mañana,4.8208,24.86,2562,5.0,Mermelada
2024-10-01,14:31,mañana,5.3611,26.93,800,5.0,Mermelada
2024-10-01,14:29,tarde,5.9327,27.0,802,5.0,Mermelada
2024-10-01,15:54,tarde,6.0272,26.53,1112,5.0,Mermelada
2024-10-01,16:34,tarde,4.883,26.11,1559,5.0,Mermelada
2024-10-01,17:36,tarde,5.6281,24.37,3116,5.0,Mermelada
2024-10-01,18:12,tarde,6.156,24.06,3408,5.3,Mermelada
2024-10-01,19:04,tarde,6.6783,23.36,3856,5.52,Mermelada
2024-10-01,20:59,tarde,7.2692,21.52,5494,7.5,Mermelada
2024-10-01,21:33,tarde,4.9723,19.73,7052,8.84,Mermelada
2024-10-01,22:14,tarde,6.1174,19.99,6820,8.09,Mermelada
2024-10-01,22:07,noche,7.4049,20.77,6129,7.67,Mermelada
2024-10-01,23:28,noche,5.5478,18.97,7711,9.0,Mermelada
2024-10-01,00:44,noche,4.9331,18.54,8038,9.0,Mermelada
2024-10-01,01:40,noche,5.2489,19.17,7533,9.0,Mermelada
2024-10-01,02:51,noche,5.3697,17.23,9166,9.0,Mermelada
2024-10-01,03:41,noche,5.7403,17.32,9114,9.0,Mermelada
2024-10-01,04:04,noche,4.4327,15.45,10708,9.0,Mermelada
2024-10-01,05:14,noche,4.1698,14.22,11803,9.0,Mermelada
2024-10-01,06:40,noche,4.3728,14.0,11979,9.0,Mermelada
2024-10-02,06:24,mañana,5.0375,14.0,11967,9.0,Mermelada
2024-10-02,07:33,mañana,4.8567,15.7,10554,9.0,Mermelada
2024-10-02,08:16,mañana,5.1295,16.68,9752,9.0,Mermelada
2024-10-02,09:28,mañana,5.4121,18.23,8267,9.0,Mermelada
2024-10-02,10:46,mañana,4.7964,18.65,7943,9.0,Mermelada
2024-10-02,11:54,mañana,6.0172,22.95,4297,6.16,Mermelada
2024-10-02,12:52,mañana,6.3231,23.4,3943,5.98,Mermelada
2024-10-02,13:05,mañana,5.7119,23.57,3768,5.56,Mermelada
2024-10-02,14:40,mañana,4.835,27.0,800,5.0,Mermelada
2024-10-02,14:06,tarde,5.6165,27.0,800,5.0,Mermelada
2024-10-02,15:15,tarde,5.253,25.81,1811,5.0,Mermelada
2024-10-02,16:42,tarde,5.8937,23.75,3683,5.4,Mermelada
2024-10-02,17:04,tarde,6.0195,23.74,3733,5.82,Mermelada
2024-10-02,18:36,tarde,6.3607,23.33,4024,6.03,Mermelada
2024-10-02,19:07,tarde,6.1476,23.27,3990,5.48,Mermelada
2024-10-02,20:15,tarde,7.4782,22.3,4885,6.81,Mermelada
2024-10-02,21:26,tarde,6.3728,21.23,5743,7.31,Mermelada
2024-10-02,22:51,tarde,7.0334,21.06,5944,7.58,Mermelada
2024-10-02,22:27,noche,6.6827,21.71,5337,7.16,Mermelada
2024-10-02,23:45,noche,5.0238,19.27,7513,9.0,Mermelada
2024-10-02,00:14,noche,5.5046,18.47,8124,9.0,Mermelada
2024-10-02,01:32,noche,4.9945,17.0,9474,9.0,Mermelada
2024-10-02,02:45,noche,5.188,17.27,9148,9.0,Mermelada
2024-10-02,03:50,noche,4.0,15.16,11006,9.0,Mermelada
2024-10-02,04:24,noche,4.4254,14.68,11386,9.0,Mermelada
2024-10-02,05:19,noche,4.8315,14.38,11600,9.0,Mermelada
2024-10-02,06:31,noche,4.1425,14.0,12000,9.0,Mermelada
2024-10-03,06:42,mañana,5.5373,15.23,11035,9.0,Mermelada
2024-10-03,07:07,mañana,4.8622,15.85,10451,9.0,Mermelada
2024-10-03,08:07,mañana,4.7774,17.69,8882,9.0,Mermelada
2024-10-03,09:23,mañana,5.1119,19.83,7014,8.5,Mermelada
2024-10-03,10:52,mañana,7.0872,20.74,6242,7.87,Mermelada
2024-10-03,11:08,mañana,6.62,22.98,4223,6.34,Mermelada
2024-10-03,12:52,mañana,6.0262,22.96,4209,6.14,Mermelada
2024-10-03,13:09,mañana,5.4768,26.14,1474,5.0,Mermelada
2024-10-03,14:43,mañana,4.154,26.0,1631,5.0,Mermelada
2024-10-03,14:52,tarde,4.8932,25.49,2036,5.0,Mermelada
2024-10-03,15:44,tarde,5.3317,27.0,857,5.0,Mermelada
2024-10-03,16:25,tarde,5.4125,25.04,2470,5.0,Mermelada
2024-10-03,17:19,tarde,6.21,23.59,3703,5.29,Mermelada
2024-10-03,18:14,tarde,6.1866,23.63,3671,5.22,Mermelada
2024-10-03,19:11,tarde,6.318,23.45,3863,5.44,Mermelada
2024-10-03,20:39,tarde,8.1911,22.69,4399,6.27,Mermelada
2024-10-03,21:11,tarde,6.432,21.0,5930,7.67,Mermelada
2024-10-03,22:03,tarde,5.5869,20.29,6620,8.32,Mermelada
2024-10-03,22:07,noche,5.4689,21.26,5798,7.34,Mermelada
2024-10-03,23:12,noche,5.8777,19.36,7361,8.82,Mermelada
2024-10-03,00:19,noche,5.5332,18.31,8283,9.0,Mermelada
2024-10-03,01:04,noche,5.2099,18.47,8208,9.0,Mermelada
2024-10-03,02:26,noche,4.8198,15.07,10968,9.0,Mermelada
2024-10-03,03:14,noche,4.7147,16.44,9999,9.0,Mermelada
2024-10-03,04:28,noche,4.3752,15.15,10928,9.0,Mermelada
2024-10-03,05:47,noche,4.6558,15.74,10550,9.0,Mermelada
2024-10-03,06:14,noche,4.3228,14.28,11718,9.0,Mermelada
2024-10-04,06:55,mañana,4.7007,15.09,11141,9.0,Mermelada
2024-10-04,07:36,mañana,5.1612,15.55,10745,9.0,Mermelada
2024-10-04,08:36,mañana,4.7494,18.71,7940,9.0,Mermelada
2024-10-04,09:54,mañana,6.1313,19.9,6956,8.51,Mermelada
2024-10-04,10:24,mañana,6.7136,22.22,4841,6.55,Mermelada
2024-10-04,11:00,mañana,7.218,22.47,4743,6.97,Mermelada
2024-10-04,12:36,mañana,5.3405,23.62,3759,5.46,Mermelada
2024-10-04,13:44,mañana,5.639,24.13,3209,5.37,Mermelada
2024-10-04,14:32,mañana,4.3269,26.5,1232,5.0,Mermelada
2024-10-04,14:03,tarde,5.234,27.0,829,5.0,Mermelada
2024-10-04,15:57,tarde,5.1574,26.47,1255,5.0,Mermelada
2024-10-04,16:28,tarde,5.5668,24.46,2998,5.0,Mermelada
2024-10-04,17:37,tarde,4.8174,25.82,1870,5.0,Mermelada
2024-10-04,18:37,tarde,6.8661,22.62,4548,6.19,Mermelada
2024-10-04,19:41,tarde,5.355,24.45,3001,5.0,Mermelada
2024-10-04,20:35,tarde,6.8147,22.2,4981,6.76,Mermelada
2024-10-04,21:10,tarde,6.5693,20.91,6047,7.38,Mermelada
2024-10-04,22:23,tarde,6.2072,19.61,7144,8.67,Mermelada
2024-10-04,22:11,noche,4.7544,19.66,7176,9.0,Mermelada
2024-10-04,23:13,noche,5.2526,20.14,6657,8.57,Mermelada
2024-10-04,00:05,noche,6.0856,19.92,6848,8.38,Mermelada
2024-10-04,01:44,noche,4.348,17.75,8811,9.0,Mermelada
2024-10-04,02:21,noche,5.0548,16.76,9685,9.0,Mermelada
2024-10-04,03:08,noche,4.2404,16.16,10133,9.0,Mermelada
2024-10-04,04:08,noche,4.7646,15.8,10487,9.0,Mermelada
2024-10-04,05:34,noche,4.8574,15.02,11087,9.0,Mermelada
2024-10-04,06:55,noche,4.1116,14.0,11969,9.0,Mermelada
2024-10-07,06:37,mañana,5.6994,14.91,11315,9.0,Mermelada
2024-10-07,07:21,mañana,4.9822,15.69,10524,9.0,Mermelada
2024-10-07,08:02,mañana,5.0672,18.31,8304,9.0,Mermelada
2024-10-07,09:45,mañana,4.8119,18.38,8186,9.0,Mermelada
2024-10-07,10:21,mañana,5.9116,20.11,6759,8.5,Mermelada
2024-10-07,11:05,mañana,6.5807,22.04,5029,6.65,Mermelada
2024-10-07,12:07,mañana,5.3281,24.76,2775,5.0,Mermelada
2024-10-07,13:06,mañana,5.1334,25.1,2447,5.0,Mermelada
2024-10-07,14:16,mañana,4.3859,25.75,1903,5.0,Mermelada
2024-10-07,14:48,tarde,4.5899,26.0,1641,5.0,Mermelada
2024-10-07,15:58,tarde,5.2546,25.45,2185,5.0,Mermelada
2024-10-07,16:45,tarde,5.7697,24.64,2892,5.0,Mermelada
2024-10-07,17:38,tarde,5.4041,24.84,2713,5.0,Mermelada
2024-10-07,18:39,tarde,6.0841,23.13,4181,6.06,Mermelada
2024-10-07,19:32,tarde,4.5423,24.12,3281,5.0,Mermelada
2024-10-07,20:29,tarde,5.8596,20.81,6127,7.93,Mermelada
2024-10-07,21:28,tarde,7.4838,20.95,5991,7.79,Mermelada
2024-10-07,22:35,tarde,5.8215,19.65,7189,8.62,Mermelada
2024-10-07,22:58,noche,5.1779,19.58,7127,8.93,Mermelada
2024-10-07,23:26,noche,5.1382,19.79,6939,8.77,Mermelada
2024-10-07,00:41,noche,5.1417,19.33,7367,8.91,Mermelada
2024-10-07,01:01,noche,4.9696,17.44,9121,9.0,Mermelada
2024-10-07,02:11,noche,4.6446,16.76,9580,9.0,Mermelada
2024-10-07,03:06,noche,5.0578,15.9,10270,9.0,Mermelada
2024-10-07,04:12,noche,4.3774,14.84,11366,9.0,Mermelada
2024-10-07,05:29,noche,4.9837,14.88,11289,9.0,Mermelada
2024-10-07,06:41,noche,4.7151,14.0,12000,9.0,Mermelada
2024-10-08,06:19,mañana,4.3658,14.14,11899,9.0,Mermelada
2024-10-08,07:36,mañana,6.0015,17.34,9167,9.0,Mermelada
2024-10-08,08:00,mañana,4.6867,17.85,8721,9.0,Mermelada
2024-10-08,09:56,mañana,5.317,19.08,7633,9.0,Mermelada
2024-10-08,10:56,mañana,4.6815,19.95,6930,8.7,Mermelada
2024-10-08,11:04,mañana,6.9922,22.75,4505,6.33,Mermelada
2024-10-08,12:41,mañana,5.9841,23.31,3966,5.78,Mermelada
2024-10-08,13:43,mañana,5.1629,25.22,2323,5.0,Mermelada
2024-10-08,14:06,mañana,5.6285,25.32,2229,5.0,Mermelada
2024-10-08,14:16,tarde,5.3752,26.1,1585,5.0,Mermelada
2024-10-08,15:51,tarde,5.1514,26.45,1314,5.0,Mermelada
2024-10-08,16:26,tarde,5.2791,25.51,2030,5.0,Mermelada
2024-10-08,17:14,tarde,5.586,23.83,3553,5.13,Mermelada
2024-10-08,18:01,tarde,5.5402,23.38,3839,5.37,Mermelada
2024-10-08,19:40,tarde,6.5109,22.76,4440,6.03,Mermelada
2024-10-08,20:04,tarde,7.7806,22.22,4914,6.75,Mermelada
2024-10-08,21:47,tarde,5.8172,19.74,6999,8.28,Mermelada
2024-10-08,22:47,tarde,5.9833,19.67,7104,8.35,Mermelada
2024-10-08,22:33,noche,5.2513,19.91,6958,8.27,Mermelada
2024-10-08,23:32,noche,5.49,20.43,6457,7.67,Mermelada
2024-10-08,00:41,noche,4.9563,18.31,8228,9.0,Mermelada
2024-10-08,01:24,noche,5.3586,18.68,7970,9.0,Mermelada
2024-10-08,02:51,noche,5.125,18.48,8158,9.0,Mermelada
2024-10-08,03:31,noche,4.6852,15.52,10758,9.0,Mermelada
2024-10-08,04:57,noche,4.5243,15.23,10909,9.0,Mermelada
2024-10-08,05:36,noche,5.0888,15.77,10475,9.0,Mermelada
2024-10-08,06:52,noche,4.5014,14.0,12000,9.0,Mermelada
2024-10-09,06:01,mañana,4.3502,15.71,10562,9.0,Mermelada
2024-10-09,07:28,mañana,4.6517,15.08,11056,9.0,Mermelada
2024-10-09,08:26,mañana,5.1673,15.63,10624,9.0,Mermelada
2024-10-09,09:13,mañana,4.8351,18.92,7807,9.0,Mermelada
2024-10-09,10:16,mañana,5.822,19.86,6983,8.18,Mermelada
2024-10-09,11:17,mañana,7.3158,22.71,4474,6.43,Mermelada
2024-10-09,12:19,mañana,5.0346,24.94,2608,5.0,Mermelada
2024-10-09,13:48,mañana,5.1359,24.41,2986,5.0,Mermelada
2024-10-09,14:08,mañana,5.0437,27.0,854,5.0,Mermelada
2024-10-09,14:49,tarde,5.2127,27.0,832,5.0,Mermelada
2024-10-09,15:44,tarde,4.5117,26.73,980,5.0,Mermelada
2024-10-09,16:46,tarde,5.2121,26.04,1614,5.0,Mermelada
2024-10-09,17:59,tarde,4.979,24.04,3335,5.0,Mermelada
2024-10-09,18:13,tarde,7.8203,22.77,4371,6.14,Mermelada
2024-10-09,19:26,tarde,6.583,23.13,4067,6.07,Mermelada
2024-10-09,20:21,tarde,7.9104,21.47,5585,7.26,Mermelada
2024-10-09,21:08,tarde,6.9393,22.41,4715,6.6,Mermelada
2024-10-09,22:11,tarde,5.1586,19.32,7459,9.0,Mermelada
2024-10-09,22:06,noche,5.9064,20.09,6760,8.15,Mermelada
2024-10-09,23:48,noche,7.2512,21.11,5907,7.35,Mermelada
2024-10-09,00:32,noche,4.8204,19.41,7355,8.94,Mermelada
2024-10-09,01:12,noche,4.2765,17.04,9391,9.0,Mermelada
2024-10-09,02:15,noche,5.6788,18.08,8480,9.0,Mermelada
2024-10-09,03:25,noche,4.6707,15.88,10340,9.0,Mermelada
2024-10-09,04:22,noche,4.5996,16.71,9643,9.0,Mermelada
2024-10-09,05:19,noche,5.3883,14.0,12000,9.0,Mermelada
2024-10-09,06:22,noche,5.1192,14.78,11370,9.0,Mermelada
2024-10-10,06:57,mañana,4.334,14.37,11717,9.0,Mermelada
2024-10-10,07:29,mañana,4.7554,15.3,10938,9.0,Mermelada
2024-10-10,08:01,mañana,5.2268,17.35,9085,9.0,Mermelada
2024-10-10,09:11,mañana,5.6062,19.92,6855,8.74,Mermelada
2024-10-10,10:45,mañana,7.3033,21.7,5336,7.04,Mermelada
2024-10-10,11:40,mañana,5.3403,22.93,4319,5.83,Mermelada
2024-10-10,12:51,mañana,4.4356,24.52,2905,5.0,Mermelada
2024-10-10,13:39,mañana,4.9878,26.14,1547,5.0,Mermelada
2024-10-10,14:34,mañana,4.7226,27.0,831,5.0,Mermelada
2024-10-10,14:00,tarde,4.9333,26.55,1189,5.0,Mermelada
2024-10-10,15:05,tarde,4.563,24.93,2581,5.0,Mermelada
2024-10-10,16:16,tarde,6.0106,25.91,1642,5.0,Mermelada
2024-10-10,17:16,tarde,5.6882,24.2,3217,5.0,Mermelada
2024-10-10,18:39,tarde,8.0725,23.16,4046,5.94,Mermelada
2024-10-10,19:56,tarde,7.2042,22.92,4214,5.76,Mermelada
2024-10-10,20:25,tarde,6.6328,20.92,5974,7.66,Mermelada
2024-10-10,21:13,tarde,7.3667,20.85,6087,7.73,Mermelada
2024-10-10,22:32,tarde,6.2935,20.7,6218,7.91,Mermelada
2024-10-10,22:38,noche,6.2601,20.7,6254,7.98,Mermelada
2024-10-10,23:37,noche,5.7943,20.36,6520,8.45,Mermelada
2024-10-10,00:56,noche,5.2459,19.01,7693,9.0,Mermelada
2024-10-10,01:48,noche,5.4426,17.61,8866,9.0,Mermelada
2024-10-10,02:50,noche,4.0872,16.33,9912,9.0,Mermelada
2024-10-10,03:36,noche,4.5498,17.39,8993,9.0,Mermelada
2024-10-10,04:28,noche,4.9796,15.95,10286,9.0,Mermelada
2024-10-10,05:51,noche,4.0,14.36,11624,9.0,Mermelada
2024-10-10,06:38,noche,4.5178,14.31,11748,9.0,Mermelada
